HomeTeam,VisitorTeam,VisitorPointsScoredAverage,VisitorScheduleStrength,VisitorPointsAllowedAverage,HomePointsScoredAverage,HomeScheduleStrength,HomePointsAllowedAverage,HomeTeamGameScore,VisitorTeamGameScore,Spread,HomeTeamBeatSpread
Cleveland,Buffalo,22,21.135,23.25,16,21.2525,17.5,37,24,-4.5,W
Tennessee,KansasCity,25.5,13.585,10.25,24.5,18.3425,17.25,17,26,2.5,L
Miami,Baltimore,22.75,22.055,21.75,22.75,24.145,22.75,23,26,-2.5,L
StLouis,Jacksonville,7.75,22.175,32.25,17.25,20.1775,30.25,34,20,-11.5,W
Cincinnati,NewEngland,22.25,17.825,14.25,20.25,19.89,20.25,13,6,-1,W
Indianapolis,Seattle,30,17,11.75,26.25,14.8225,12.75,34,28,2.5,W
GreenBay,Detroit,30.5,18.655,25.25,32,20.3,29.33333333,22,9,-7.5,W
Chicago,NewOrleans,27,17.5225,13.75,31.75,18.975,28.5,18,26,0,L
NewYorkGiants,Philadelphia,24.75,22.6725,34.5,15.25,25.58,36.5,21,36,-2.5,L
Oakland,SanDiego,27,20.43,25.5,17.75,18.525,22.75,27,17,5,W
Dallas,Denver,44.75,15.09,22.75,26,17.48,21.25,48,51,7.5,W
SanFrancisco,Houston,22.5,23.9525,26.25,19.75,22.3325,23.75,34,3,-5,W
Atlanta,NewYorkJets,17,21.105,22,23.5,22.37,26,28,30,-9.5,L
Chicago,NewYorkGiants,16.4,23.224,36.4,29,20.352,28,27,21,-8,L
KansasCity,Oakland,19.6,18.122,21.6,25.6,15.698,11.6,24,7,-8,W
TampaBay,Philadelphia,27,20.992,31.8,11,22.5525,17.5,20,31,1.5,L
Baltimore,GreenBay,29.5,21.6525,24.25,23.4,21.966,22,17,19,2.5,W
Cleveland,Detroit,26.2,21.408,24.6,20.2,20.026,18.8,17,31,2.5,L
Minnesota,Carolina,18.5,18.4825,14.5,28.75,20.145,30.75,10,35,-2.5,L
Houston,StLouis,20.6,16.938,28.2,18.6,23.596,27.8,13,38,-7.5,L
NewYorkJets,Pittsburgh,17.25,19.7525,27.5,19.6,20.3,23.2,6,19,-1,L
Buffalo,Cincinnati,18.8,20.738,17.4,22.4,20.29,26,24,27,7.5,W
Seattle,Tennessee,23,17.84,19,29.6,18.994,16.2,20,13,-13,L
Denver,Jacksonville,10.2,21.766,32.6,46,17.424,27.8,35,19,-27,L
SanFrancisco,Arizona,18.2,20.206,19,22.6,21.296,19.6,32,20,-11.5,W
NewEngland,NewOrleans,26.8,18.664,14.6,19,19.206,14,30,27,-2,W
Dallas,Washington,22.75,20.3625,28,30.4,18.49,27.2,31,16,-6,W
SanDiego,Indianapolis,27.8,17.662,15.8,25,19.588,25.8,19,9,1,W
Arizona,Seattle,28,18.33666667,15.66666667,18.5,22.17,21.16666667,22,34,6.5,L
NewYorkJets,NewEngland,20.83333333,19.355,16.16666667,17.33333333,18.86166667,22.5,30,27,4,W
Jacksonville,SanDiego,24,19.46833333,23,11.66666667,23.46166667,33,6,24,7.5,L
KansasCity,Houston,17.66666667,21.84333333,29.5,25.33333333,15.84,10.83333333,17,16,-6.5,L
Detroit,Cincinnati,20.16666667,20.675,18.5,27,20.38833333,23.33333333,24,27,-2.5,L
Miami,Buffalo,22.66666667,19.85666667,26.16666667,22.8,22.772,23.4,21,23,-7.5,L
Washington,Chicago,28.66666667,18.775,26.83333333,21.4,21.794,28.6,45,41,0,W
Philadelphia,Dallas,30.5,18.96666667,25.33333333,27.66666667,19.06,29.83333333,3,17,-2.5,L
Carolina,StLouis,23.5,17.835,25.66666667,21.8,18.99,13.6,30,15,-6,W
Atlanta,TampaBay,12.8,20.43,20.2,24.4,20.812,26.8,31,23,-7,W
Tennessee,SanFrancisco,24.16666667,20.445,19.66666667,21.33333333,20.04166667,19.16666667,17,31,3.5,L
GreenBay,Cleveland,19.66666667,19.39166667,20.83333333,27.4,22.48,22.8,31,13,-10,W
Pittsburgh,Baltimore,22.33333333,21.175,21.5,17.6,19.152,23.2,19,16,-1.5,W
Indianapolis,Denver,44.16666667,15.36,26.33333333,24.66666667,18.63333333,16.33333333,39,33,6.5,W
NewYorkGiants,Minnesota,25,19.8,31.6,17.16666667,24.21666667,34.83333333,23,7,-3.5,W
TampaBay,Carolina,23.16666667,18.24166667,13.83333333,14.5,20.77166667,22,13,31,6.5,L
Detroit,Dallas,28.57142857,19.48428571,22.14285714,26.57142857,20.12571429,23.85714286,31,30,-3.5,L
Philadelphia,NewYorkGiants,18,22.13142857,30.85714286,24.14285714,20.98285714,28,7,15,-6,L
KansasCity,Cleveland,18.71428571,20.57142857,22.28571429,24.14285714,15.67285714,11.57142857,23,17,-6,L
NewOrleans,Buffalo,22.71428571,20.39285714,25.42857143,26.83333333,19.70333333,17.16666667,35,17,-11.5,W
NewEngland,Miami,22.5,21.27,23.33333333,21.71428571,19.66285714,18.14285714,27,17,-6,W
Cincinnati,NewYorkJets,19.14285714,19.23714286,23.14285714,21.14285714,21.30142857,19.28571429,49,9,-6,W
Oakland,Pittsburgh,17.83333333,18.96,22,17.5,19.61166667,22,21,18,2.5,W
Denver,Washington,25.33333333,21.12333333,30.66666667,42.57142857,17.12,28.14285714,45,21,-12,W
Arizona,Atlanta,25.5,19.02166667,26.16666667,19,22.52142857,23,27,13,-2.5,W
Minnesota,GreenBay,28,21.08,21.16666667,22,19.43666667,30.16666667,31,44,10,L
StLouis,Seattle,28.85714286,18.96428571,16.57142857,22.28571429,19.09142857,26.28571429,9,14,12,W
Miami,Cincinnati,24.625,18.86125,18,21.71428571,21.43285714,23.85714286,22,20,2.5,W
Carolina,Atlanta,23.71428571,17.81857143,26.28571429,24.28571429,18.22142857,13.71428571,34,10,-7.5,W
Dallas,Minnesota,23.28571429,20.06,32.14285714,28.75,20.73875,23.25,27,23,-10.5,L
NewYorkJets,NewOrleans,28,17.05,17.14285714,17.875,17.80625,26.375,26,20,6,W
StLouis,Tennessee,20.71428571,20.95428571,20.85714286,20.625,20.8275,24.75,21,28,2.5,L
Buffalo,KansasCity,24,15.65125,12.25,22,21.01625,26.625,13,23,3.5,L
Washington,SanDiego,24,18.76,20.57142857,24.71428571,22.99285714,32.71428571,30,24,1,W
Oakland,Philadelphia,22,20.20125,26.375,18,19.82714286,21.42857143,20,49,-2.5,L
Seattle,TampaBay,14.28571429,18.95571429,23.28571429,27,20.87625,15.625,27,24,-16.5,L
Cleveland,Baltimore,21.42857143,20.91428571,21.14285714,18.5,21.61875,22.375,24,18,2.5,W
NewEngland,Pittsburgh,17.85714286,17.88285714,21.85714286,22.375,17.09125,18,55,31,-6.5,W
Houston,Indianapolis,26.71428571,21.20428571,18.71428571,17.42857143,24.31142857,27.71428571,24,27,2.5,L
GreenBay,Chicago,30.42857143,18.18428571,29.42857143,30.28571429,20.70428571,22.57142857,20,27,-11,L
Minnesota,Washington,25.375,21.86,31.625,23.25,21.805,31.5,34,27,1.5,W
Tennessee,Jacksonville,10.75,22.7525,33,21.625,20.31875,20.875,27,29,-12.5,L
GreenBay,Philadelphia,25,20.09888889,25.66666667,29,20.81625,23.125,13,27,-1,L
Pittsburgh,Buffalo,21,21.69888889,26.22222222,19.5,20.20375,26,23,10,-3,W
NewYorkGiants,Oakland,18.25,18.2,24.875,17.625,23.01625,27.875,24,20,-7,L
Indianapolis,StLouis,20.66666667,19.22666667,25.11111111,26.75,19.32125,19.375,8,38,-9,L
Atlanta,Seattle,27,18.45777778,16.55555556,22,19.97125,27.25,10,33,5.5,L
Baltimore,Cincinnati,24.11111111,20.73222222,18.44444444,21,20.91,21.5,20,17,1.5,W
Chicago,Detroit,27.125,20.83375,24.625,30,20.6925,28.25,19,21,0,L
SanFrancisco,Carolina,25.5,17.72625,13.25,27.25,18.44125,18.125,9,10,-6,L
Arizona,Houston,18.25,22.28125,27.625,20,21.34375,21.75,27,24,-2.5,W
SanDiego,Denver,42.875,16.4975,27.25,24,18.14,21.75,20,28,7,L
NewOrleans,Dallas,28.55555556,19.50777778,23.22222222,27,18.8225,18.25,49,17,-6.5,W
TampaBay,Miami,21.75,21.515,23.375,15.5,21.57,23.75,22,19,2.5,W
Tennessee,Indianapolis,24.66666667,18.96222222,21.44444444,22.22222222,18.61444444,21.77777778,27,30,3,W
TampaBay,Atlanta,20.66666667,20.91666667,27.88888889,16.22222222,21.58,23.22222222,41,28,0,W
Buffalo,NewYorkJets,18.77777778,20.08444444,25.66666667,19.9,21.809,25.9,37,14,0,W
Pittsburgh,Detroit,26.44444444,20.85555556,24,19.88888889,19.01333333,24.22222222,37,27,2.5,W
Philadelphia,Washington,25.55555556,21.40555556,31.88888889,25.2,20.653,24.4,24,16,-3.5,W
Miami,SanDiego,23.55555556,18.58444444,22.44444444,21.44444444,20.72,23.22222222,20,16,1.5,W
Chicago,Baltimore,20.88888889,20.31333333,21,28.77777778,20.41888889,27.44444444,23,20,-3,L
Cincinnati,Cleveland,19.11111111,20.63111111,21.88888889,23.4,20.654,18.6,41,20,-6,W
Houston,Oakland,18.44444444,18.71111111,24.77777778,18.88888889,22.24555556,27.55555556,23,28,-8.5,L
Jacksonville,Arizona,20.77777778,21.16111111,22,12.77777778,22.7,32.33333333,14,27,7,L
Denver,KansasCity,23.88888889,15.96,12.33333333,41.22222222,17.26333333,26.44444444,27,17,-8,W
Seattle,Minnesota,24.44444444,20.57888889,31,27.6,18.591,15.9,41,20,-12.5,W
NewOrleans,SanFrancisco,25.22222222,18.85222222,17.22222222,29.44444444,18.77111111,18.11111111,23,20,-3.5,L
NewYorkGiants,GreenBay,27.22222222,20.15111111,23.55555556,18.33333333,21.90222222,27,27,13,-5,W
Carolina,NewEngland,26,18.08333333,19.44444444,23.77777778,19.22555556,12.77777778,24,20,-2.5,W
Atlanta,NewOrleans,28.8,19.003,18.3,21.4,20.893,29.2,13,17,8,W
Detroit,TampaBay,18.7,20.463,23.7,26.5,20.761,25.3,21,24,-8.5,L
Houston,Jacksonville,12.9,22.208,31.8,19.3,21.079,27.6,6,13,-10,L
GreenBay,Minnesota,24,21.747,32,25.8,20.235,23.9,26,26,-4.5,L
KansasCity,SanDiego,22.8,19.113,22.2,23.2,17.798,13.8,38,41,-4,L
Miami,Carolina,23.8,19.751,13.5,21.3,20.343,22.5,16,20,4.5,W
Cleveland,Pittsburgh,21.6,18.974,24.5,19.2,21.21,23.8,11,27,-2,W
StLouis,Chicago,28.2,20.072,26.7,22.4,19.751,23.4,42,21,-1,W
Baltimore,NewYorkJets,18.3,20.134,26.8,20.8,20.749,21.2,19,3,-3.5,W
Oakland,Tennessee,22.7,18.341,22.6,19.4,18.98,24.6,19,23,0,L
Arizona,Indianapolis,25.2,19.197,22,21.4,19.661,21.2,40,11,-2,W
NewYorkGiants,Dallas,27.4,20.793,25.8,19.2,21.898,25.6,21,24,-2.5,L
NewEngland,Denver,39.8,17.991,25.5,25.4,19.135,19.9,34,31,2.5,W
Washington,SanFrancisco,24.7,19.738,17.8,24.6,21.715,31.1,6,27,5.5,L
Detroit,GreenBay,25.81818182,18.01909091,23.54545455,26,18.84727273,25.18181818,40,10,-7,W
Dallas,Oakland,19.36363636,18.67818182,24.45454545,27.09090909,21.10909091,25.36363636,31,24,-9,W
Baltimore,Pittsburgh,22.09090909,17.88181818,23.27272727,20.63636364,18.35272727,19.54545455,22,20,-2.5,L
Indianapolis,Tennessee,22.72727273,19.17272727,22.27272727,23.90909091,21.09,23.63636364,22,14,-4,W
KansasCity,Denver,39,19.01090909,26.27272727,24.54545455,17.67,16.27272727,28,35,6,L
Cleveland,Jacksonville,12.90909091,23.32636364,29.45454545,18.45454545,19.48636364,24.09090909,28,32,-7,L
Carolina,TampaBay,19.18181818,21.25909091,23.45454545,23.45454545,20.86818182,13.72727273,27,6,-8,W
Minnesota,Chicago,27.54545455,18.86727273,28.09090909,23.63636364,21.00090909,31.45454545,23,20,0,W
Philadelphia,Arizona,19.81818182,20.49454545,20.27272727,25.09090909,19.79545455,23.63636364,24,21,-3,L
NewYorkJets,Miami,20.81818182,20.09909091,22.27272727,16.90909091,20.45818182,26.09090909,3,23,-2,L
SanFrancisco,StLouis,24.18181818,20.71272727,23.18181818,24.90909091,20.69181818,16.72727273,23,13,-8.5,W
Houston,NewEngland,26.18181818,19.63636364,20.90909091,18.09090909,20.99272727,26.27272727,31,34,7.5,W
SanDiego,Cincinnati,25,18.19909091,18.72727273,24.45454545,20.31727273,23.63636364,10,17,0,L
Washington,NewYorkGiants,19.36363636,21.53,25.45454545,22.90909091,21.17363636,30.72727273,17,24,0,L
Seattle,NewOrleans,27.72727273,19.07181818,17.81818182,28.81818182,19.28090909,16.27272727,34,7,-5.5,W
Jacksonville,Houston,19.16666667,21.30333333,26.91666667,14.5,22.38,29.33333333,27,20,3,W
Washington,KansasCity,24.83333333,18.41416667,17.83333333,22.41666667,20.65833333,30.16666667,10,45,3.5,L
Baltimore,Minnesota,23.58333333,20.13666667,30.5,20.75,17.3725,19.58333333,29,26,-7,L
NewEngland,Cleveland,19.25,18.24416667,24.75,26.83333333,19.18833333,21.75,22,26,-10,L
NewYorkJets,Oakland,19.75,19.585,25,15.75,19.705,25.83333333,37,27,-2.5,W
Cincinnati,Indianapolis,23.75,21.30666667,22.83333333,24.33333333,17.92,18,42,28,-5.5,W
NewOrleans,Carolina,23.75,20.69666667,13.08333333,26,20.42666667,19.16666667,31,13,-3.5,W
Philadelphia,Detroit,27.16666667,17.90333333,23.91666667,25,19.51416667,23.41666667,34,20,-2.5,W
Pittsburgh,Miami,21,19.6325,20.66666667,21.91666667,17.84666667,23.16666667,28,34,-3.5,L
TampaBay,Buffalo,22.25,19.00916667,25.58333333,18.08333333,22.56833333,23.75,27,6,-2.5,W
Denver,Tennessee,22,20.05583333,22.25,38.66666667,19.81166667,26.41666667,51,28,-12.5,W
Arizona,StLouis,23.25,22.27916667,23.16666667,19.91666667,21.58166667,20.58333333,30,10,-6.5,W
SanDiego,NewYorkGiants,19.75,20.89,24.75,23.25,20.43083333,23.08333333,37,14,-3.5,W
SanFrancisco,Seattle,29.25,20.20833333,15.5,24.75,20.67916667,16.41666667,19,17,-2.5,L
GreenBay,Atlanta,21.75,21.97166667,28.33333333,24.5,18.57166667,24.91666667,22,21,-3,L
Chicago,Dallas,27.41666667,20.25083333,25.25,26.91666667,18.81166667,27.66666667,45,28,0,W
Denver,SanDiego,24.30769231,19.80307692,22.38461538,39.61538462,19.51538462,26.53846154,20,27,-10.5,L
Atlanta,Washington,21.46153846,20.52076923,31.30769231,21.69230769,22.60692308,27.84615385,27,26,-6.5,L
TampaBay,SanFrancisco,24.30769231,20.74692308,16.46153846,18.76923077,22.05384615,22.38461538,14,33,5,L
Tennessee,Arizona,20.69230769,20.94692308,19.76923077,22.46153846,21.14615385,24.46153846,34,37,2.5,W
StLouis,NewOrleans,26.38461538,20.94076923,18.69230769,22.23076923,22.39,23.69230769,27,16,6.5,W
NewYorkGiants,Seattle,28.30769231,20.81307692,15.76923077,19.30769231,20.99615385,25.69230769,0,23,7.5,L
Cleveland,Chicago,28.30769231,18.27153846,27.69230769,19.76923077,19.32538462,24.92307692,31,38,1,L
Indianapolis,Houston,19.23076923,20.92384615,26.92307692,24.07692308,21.46,24.30769231,25,3,-5.5,W
Jacksonville,Buffalo,21,20.12769231,25.69230769,15.46153846,21.30769231,28.61538462,20,27,2,L
Miami,NewEngland,26.84615385,18.86461538,22.07692308,22,20.46846154,21.23076923,24,20,0,W
Minnesota,Philadelphia,25.23076923,18.72307692,24.23076923,23.76923077,19.97846154,30.38461538,48,30,5,W
Carolina,NewYorkJets,17.38461538,18.93384615,25.92307692,22.92307692,21.23230769,14.46153846,30,20,-11,L
Oakland,KansasCity,26.38461538,17.71076923,17.23076923,20.30769231,19.29384615,25.92307692,31,56,4.5,L
Dallas,GreenBay,24.30769231,17.89846154,24.61538462,27.46153846,20.22538462,26.76923077,36,37,-6.5,L
Pittsburgh,Cincinnati,25.69230769,18.57076923,18.76923077,22.38461538,18.12384615,24,30,20,2,W
Buffalo,Miami,22.14285714,20.09714286,21.14285714,21.42857143,19.62928571,25.28571429,19,0,2.5,W
Carolina,NewOrleans,25.64285714,21.47071429,19.28571429,23.42857143,20.92428571,14.85714286,17,13,-3.5,W
Washington,Dallas,28.07142857,20.235,27.5,21.78571429,20.46,31,23,24,3,W
StLouis,TampaBay,18.42857143,22.34214286,23.14285714,22.57142857,22.50428571,23.14285714,23,13,-5,W
Philadelphia,Chicago,29,18.60428571,27.92857143,25.57142857,18.61785714,25.92857143,54,11,-3.5,W
NewYorkJets,Cleveland,20.57142857,19.34214286,25.85714286,17.57142857,19.89357143,26.21428571,24,13,-2,W
KansasCity,Indianapolis,24.14285714,20.44857143,22.78571429,28.5,16.93,18.21428571,7,23,-6.5,L
Cincinnati,Minnesota,25.5,19.70928571,30.35714286,25.28571429,18.87071429,19.57142857,42,14,-7,W
Houston,Denver,38.21428571,18.87714286,26.57142857,18.07142857,21.39357143,26.78571429,13,37,10.5,L
Jacksonville,Tennessee,23.28571429,21.42,25.35714286,15.78571429,20.76428571,28.5,16,20,5.5,W
Seattle,Arizona,21.85714286,21.225,20.78571429,27.92857143,21.16714286,14.64285714,10,17,-10.5,L
Detroit,NewYorkGiants,17.92857143,21.38857143,25.5,25.85714286,18.55928571,24.21428571,20,23,-9,L
SanDiego,Oakland,21.07142857,19.085,28.07142857,24.5,20.06071429,22.21428571,26,13,-10,W
GreenBay,Pittsburgh,22.92857143,18.24428571,23.71428571,25.21428571,18.58714286,25.85714286,31,38,-1.5,L
Baltimore,NewEngland,26.35714286,19.33285714,22.21428571,21.14285714,17.75785714,19.78571429,7,41,-1,L
SanFrancisco,Atlanta,22.07142857,21.50642857,27.71428571,24.92857143,21.09214286,16.28571429,34,24,-13,L
Indianapolis,KansasCity,26.875,18.265,19.0625,24.4375,20.48375,21,45,44,-1.5,L
Philadelphia,NewOrleans,25.875,21.73375,19,27.25,18.041875,24.75,24,26,-2.5,L
Cincinnati,SanDiego,24.75,19.418125,21.75,26.875,17.93625,19.0625,10,27,-6.5,L
GreenBay,SanFrancisco,25.375,21.42,17,26.0625,17.683125,26.75,20,23,2.5,L
Seattle,NewOrleans,25.88235294,21.75294118,19.29411765,26.75,21.511875,14.4375,23,15,-8,L
NewEngland,Indianapolis,25.64705882,20.74470588,22.35294118,27.75,18.79375,21.125,43,22,-7.5,W
Carolina,SanFrancisco,25.23529412,21.62176471,17.17647059,22.875,21.146875,15.0625,10,23,1.5,L
Denver,SanDiego,24.88235294,19.91117647,21.05882353,37.875,19.273125,24.9375,24,17,-9,L
Denver,NewEngland,28.64705882,18.89117647,21.17647059,37.05882353,19.34705882,24.47058824,26,16,-5,W
Seattle,SanFrancisco,25.11111111,21.64444444,16.77777778,26.52941176,20.66529412,14.47058824,23,17,-3.5,W
GreenBay,Minnesota,22.75,20.22,21,23,23.4625,24,42,10,-9,W
Carolina,Chicago,23,20.1275,25,18.25,19.6275,24,31,24,-2.5,W
NewYorkGiants,Atlanta,32.75,20.36,28.25,25.75,20.86,22.75,30,20,-4,W
NewOrleans,TampaBay,18,18.455,29.75,23.75,20.755,27.5,37,31,-10.5,L
Dallas,Houston,21.75,15.99,16.75,28.75,19.19,21.5,20,17,-5.5,L
Detroit,Buffalo,19.75,20.355,18.75,21.25,19.175,15.5,14,17,-6.5,L
Indianapolis,Baltimore,25.75,18.8375,15,34,18.1325,23.75,20,13,-3.5,W
Jacksonville,Pittsburgh,24.25,18.185,24.75,14.5,22.7675,38,9,17,6.5,L
SanFrancisco,KansasCity,25.5,20.325,19.75,22,22.0625,22.25,22,17,-5,L
SanDiego,NewYorkJets,19.75,17.44,24,25.5,20.255,15.75,31,0,-6.5,W
Houston,Indianapolis,31.2,18.584,21.6,20.8,18.408,17.4,28,33,2.5,L
NewYorkJets,Denver,29,22.38,23.5,15.8,19.846,25.4,17,31,8,L
Cleveland,Pittsburgh,22.8,17.272,21.6,25.75,19.36,26.25,31,10,-2,W
Tennessee,Jacksonville,13.4,21.166,33.8,17.6,21.626,27.8,16,14,-4,L
Atlanta,Chicago,23.2,20.788,26.2,30.2,20.156,28.6,13,27,-3.5,L
Miami,GreenBay,26.8,20.744,21.2,24,18.39,24.25,24,27,3.5,W
Minnesota,Detroit,19.8,18.956,15.8,20.2,21.748,25.2,3,17,2,L
Cincinnati,Carolina,20.8,18.872,24,24.25,19.92,19,37,37,-7,L
Buffalo,NewEngland,24.6,19.166,21.4,19.2,21.324,17.8,22,37,3,L
TampaBay,Baltimore,23.2,19.834,16,20.6,19.944,31.2,17,48,3.5,L
Oakland,SanDiego,26.6,18.572,12.6,12.75,19.815,25.75,28,31,7,W
Seattle,Dallas,27,18.95,20.6,27.5,23.12,20.75,23,30,-8,L
Arizona,Washington,22.4,19.232,27.2,21.5,24.14,21.5,30,20,-3.5,W
Philadelphia,NewYorkGiants,26.6,19.414,22.2,31.2,17.382,26.4,27,0,-2.5,W
StLouis,SanFrancisco,22,20.572,21.2,21,18.4175,29.75,17,31,3.5,L
NewEngland,NewYorkJets,16,21.05833333,26.33333333,26.66666667,19.28666667,21.5,27,25,-9.5,L
Indianapolis,Cincinnati,26.8,19.34,22.6,31.5,19.71,22.66666667,27,0,-3.5,W
Washington,Tennessee,17.33333333,19.85833333,25.5,22,20.15833333,27.66666667,19,17,-5,L
Chicago,Miami,24,19.25,24.8,23.83333333,20.865,24,14,27,-3.5,L
Jacksonville,Cleveland,26.8,18.718,23,13.5,20.955,30.83333333,24,6,5,W
StLouis,Seattle,26.6,22.23,22.6,20.2,19.154,30,28,26,6.5,W
GreenBay,Carolina,23.5,20.16666667,26.16666667,26.83333333,20.62,21.66666667,38,17,-7,W
Baltimore,Atlanta,27.33333333,18.93833333,28.33333333,27.33333333,19.57166667,16.16666667,29,7,-6.5,W
Buffalo,Minnesota,17.33333333,21.045,23.83333333,19.66666667,21.35,21,17,16,-4.5,L
Detroit,NewOrleans,26.4,17.818,28.2,19.33333333,18.42333333,13.66666667,24,23,-3,L
SanDiego,KansasCity,23.8,22.796,20.2,27.33333333,17.77166667,15.16666667,20,23,-4,L
Dallas,NewYorkGiants,22.16666667,20.165,23,27.5,20.81,21,31,21,-6,W
Oakland,Arizona,23.2,21.894,21.2,15.8,20.028,26.8,13,24,3.5,L
Denver,SanFrancisco,23.5,21.09333333,20.5,29.4,21.632,22.2,42,17,-6.5,W
Pittsburgh,Houston,22,18.62666667,20,20.66666667,18.13,23.16666667,30,23,-3,W
Denver,SanDiego,26.28571429,17.79142857,16.28571429,31.5,22.46166667,21.33333333,35,21,-8,W
TampaBay,Minnesota,17.14285714,20.93857143,22.85714286,20,19.01333333,34,13,19,-2.5,L
NewEngland,Chicago,22.42857143,19.94285714,24.42857143,26.71428571,17.93,22,51,23,-6.5,W
KansasCity,StLouis,21.5,20.23666667,29.33333333,23.66666667,24.015,20.16666667,34,7,-6.5,W
Carolina,Seattle,26.5,22.61166667,23.5,22.57142857,21.14142857,27.85714286,9,13,5,W
NewYorkJets,Buffalo,19.28571429,20.1,20.28571429,17.28571429,22.18285714,26.42857143,23,43,-3,L
Jacksonville,Miami,24.5,19.82333333,23,15,20.41428571,27.28571429,13,27,5,L
Tennessee,Houston,22.14285714,18.85857143,21.42857143,17.28571429,20.01285714,24.57142857,16,30,1,L
Cincinnati,Baltimore,27.57142857,18.17857143,14.85714286,22.33333333,20.555,23.33333333,27,24,0,W
Arizona,Philadelphia,30.5,17.40666667,22,23.33333333,20.68333333,19.83333333,24,20,-2.5,W
Pittsburgh,Indianapolis,30.85714286,20.21,19.42857143,22,17.35428571,23.14285714,51,34,3.5,W
Cleveland,Oakland,15.33333333,20.33666667,26.33333333,23.33333333,17.585,23.16666667,23,13,-7,W
NewOrleans,GreenBay,28.42857143,20.41428571,21,25.83333333,18.62166667,27.5,44,23,-2,W
Dallas,Washington,21.57142857,19.03,26.14285714,28,19.48142857,21,17,20,-9.5,L
Carolina,NewOrleans,28.42857143,18.86142857,26.85714286,20.875,21.045,26,10,28,2.5,L
Miami,SanDiego,25.625,19.92375,18.625,24.85714286,18.82571429,21.57142857,37,0,-2,W
Cincinnati,Jacksonville,14.75,20.0725,27.25,23,20.22285714,23.42857143,33,23,-11,L
Cleveland,TampaBay,19,18.4,31.85714286,23.28571429,16.41428571,21.71428571,22,17,-6.5,L
Minnesota,Washington,21.375,19.7775,25,17.375,20.3375,21.625,29,26,-1,W
Houston,Philadelphia,29,18.75,22.28571429,23.125,18.74875,20.75,21,31,2,L
KansasCity,NewYorkJets,18,21.13625,28.5,25.14285714,22.53142857,18.28571429,24,10,-9.5,W
Dallas,Arizona,23.42857143,21.10142857,19.85714286,26.625,18.95625,20.875,17,28,-1.5,L
SanFrancisco,StLouis,19.42857143,21.20571429,30,22.57142857,23.27571429,23.57142857,10,13,-10,L
NewEngland,Denver,32,22.13428571,21.28571429,29.75,17.97375,22.125,43,21,3.5,W
Seattle,Oakland,15,20.57285714,25.85714286,24.57142857,21.95857143,21.42857143,30,24,-14.5,L
Pittsburgh,Baltimore,27.125,18.9675,16.375,25.625,17.7175,24.5,43,23,0,W
NewYorkGiants,Indianapolis,31.25,20.335,23.375,22,21.10571429,24.14285714,24,40,3.5,L
Cincinnati,Cleveland,23.125,16.08,21.125,24.25,18.56,23.375,3,24,-6.5,L
Detroit,Miami,26.375,19.3775,18.875,20.25,18.08625,15.75,20,16,-2.5,W
Buffalo,KansasCity,25,20.87625,17.25,22.25,20.07625,20.625,13,17,0,L
NewOrleans,SanFrancisco,21,21.9575,22.25,28.375,19.1175,24.75,24,27,-5,L
Baltimore,Tennessee,17.125,19.32125,25.25,26.66666667,19.49777778,19.33333333,21,7,-9.5,W
NewYorkJets,Pittsburgh,27.55555556,17.79,24.33333333,17.11111111,21.93,28,20,13,3.5,W
TampaBay,Atlanta,24,19.75875,27.625,18.75,18.70375,30.625,17,27,2,L
Oakland,Denver,30.625,22.51875,24,16.125,21.7125,26.375,17,41,12,L
Arizona,StLouis,18.625,21.48125,27.5,24,20.7125,19.5,31,14,-7,W
Seattle,NewYorkGiants,22.25,21.28625,26.125,25.25,19.575,21.75,38,17,-9.5,W
GreenBay,Chicago,22.5,21.145,27.75,27.75,20.52125,23.875,55,14,-8,W
Philadelphia,Carolina,19.66666667,21.02555556,26.22222222,29.25,19.0225,22.125,45,21,-6.5,W
Miami,Buffalo,21.22222222,21.15,20.22222222,25.22222222,20.57,19,22,9,-4.5,W
Cleveland,Houston,22.88888889,19.57666667,21.88888889,23.22222222,15.53555556,19.11111111,7,23,-3.5,L
Chicago,Minnesota,18.66666667,19.24555556,22.11111111,21.55555556,21.95666667,30.77777778,21,13,-3.5,W
GreenBay,Philadelphia,31,18.73666667,22,30.77777778,19.11555556,22.77777778,53,20,-6,W
KansasCity,Seattle,26.66666667,19.08333333,21.22222222,24.11111111,21.60111111,16.77777778,24,20,-1.5,W
Carolina,Atlanta,24.33333333,17.35777778,26.44444444,19.8,20.507,28.1,17,19,0,L
NewOrleans,Cincinnati,21.88888889,18.18111111,23.44444444,27.88888889,18.9,25,10,27,-7,L
Washington,TampaBay,18.55555556,17.31111111,30.22222222,21.88888889,19.91111111,25.44444444,7,27,-7,L
StLouis,Denver,31.77777778,22.45666667,23.22222222,18.11111111,22.35111111,27.88888889,22,7,9.5,W
NewYorkGiants,SanFrancisco,21.66666667,22.62444444,22.44444444,21.66666667,22.73444444,27.44444444,10,16,4.5,L
SanDiego,Oakland,16.22222222,23.62777778,28,22.77777778,21.48666667,20.66666667,13,6,-10,L
Arizona,Detroit,20.22222222,17.82,15.77777778,24.77777778,20.16666667,18.88888889,14,6,-1,W
Indianapolis,NewEngland,31.22222222,19.45333333,22,32.22222222,20.12444444,23.44444444,20,42,-2.5,L
Tennessee,Pittsburgh,26.1,18.178,23.9,16,21.03,24.77777778,24,27,6,W
Oakland,KansasCity,24.1,21.449,17.1,15.2,23.339,26.5,24,20,7,W
Atlanta,Cleveland,21.6,16.483,19.5,23.8,18.156,25.5,24,26,-3.5,L
Philadelphia,Tennessee,16.8,20.278,25,29.9,19.512,25.1,43,24,-11,W
NewEngland,Detroit,18.8,19.149,15.6,32.3,20.262,21.8,34,9,-7,W
Minnesota,GreenBay,33,19.29,22.5,18.1,19.912,22,21,24,9.5,W
Indianapolis,Jacksonville,15.8,20.859,28.2,31,20.433,25.3,23,3,-14,W
Houston,Cincinnati,22.4,18.687,22.1,22.9,19.144,20.4,13,22,-1.5,L
Chicago,TampaBay,19.4,17.655,27.9,21.5,21.549,29,21,13,-5,W
Seattle,Arizona,23.7,19.64,17.6,26,19.938,21.5,19,3,-6.5,W
SanDiego,StLouis,18.5,22.59,25.8,21.8,19.751,19.2,27,24,-5,L
Denver,Miami,24.9,20.403,18,29.3,21.945,23.1,39,36,-7,L
SanFrancisco,Washington,20.4,18.557,25.6,21.1,22.189,21.2,17,13,-9,L
NewYorkGiants,Dallas,26.1,17.614,21.2,20.5,21.939,26.3,28,31,3.5,W
NewOrleans,Baltimore,26.1,17.948,18.1,26.1,19.228,25.2,27,34,-3.5,L
Detroit,Chicago,21.45454545,20.37363636,27.54545455,17.90909091,20.11,17.27272727,34,17,-7,W
Dallas,Philadelphia,31.09090909,18.27727273,25,26.54545455,17.34,21.81818182,10,33,-3.5,L
SanFrancisco,Seattle,25.36363636,20.08,19.81818182,20.72727273,20.82090909,20.45454545,3,19,-1,L
Indianapolis,Washington,19.72727273,18.92,24.81818182,30.27272727,19.42636364,23.27272727,49,27,-9,W
Houston,Tennessee,17.45454545,21.13090909,26.63636364,22,19.47545455,20.54545455,45,21,-6.5,W
Buffalo,Cleveland,22,16.78636364,19.90909091,21.63636364,20.53909091,18.81818182,26,10,-2.5,W
Baltimore,SanDiego,22.27272727,19.35272727,19.63636364,26.81818182,18.61636364,18.90909091,33,34,-5.5,L
Jacksonville,NewYorkGiants,21.18181818,21.41181818,26.72727273,14.63636364,21.88909091,27.72727273,25,24,2.5,W
TampaBay,Cincinnati,22.36363636,19.36363636,21.27272727,18.81818182,17.91727273,27.27272727,13,14,4,W
StLouis,Oakland,16,23.85181818,25.90909091,19,22.52727273,25.90909091,52,0,-7,W
Pittsburgh,NewOrleans,26.18181818,19.30727273,26,26.18181818,18.00545455,23.90909091,32,35,-4,L
Minnesota,Carolina,19.54545455,20.18727273,27.27272727,18.36363636,20.19181818,22.18181818,31,13,-3,W
Atlanta,Arizona,21.81818182,20.19454545,17.72727273,23.81818182,18.05181818,25.54545455,29,18,2,W
GreenBay,NewEngland,32.45454545,20.44636364,20.63636364,32.18181818,19.20818182,22.36363636,26,21,-3,W
KansasCity,Denver,30.18181818,21.96545455,24.27272727,23.72727273,21.22363636,17.72727273,16,29,0,L
NewYorkJets,Miami,25.90909091,21.52272727,19.90909091,16.09090909,22.15454545,27.54545455,13,16,6.5,W
Chicago,Dallas,25.16666667,17.51916667,22.75,21.08333333,21.29833333,28.08333333,28,41,3.5,L
Miami,Baltimore,27.33333333,18.47333333,20.16666667,25.08333333,21.31833333,19.33333333,13,28,-3,L
Cincinnati,Pittsburgh,26.66666667,17.8325,24.83333333,21.66666667,18.78666667,20.58333333,21,42,-3.5,L
Cleveland,Indianapolis,31.83333333,18.41583333,23.58333333,21,17.23,20.41666667,24,25,3.5,W
Jacksonville,Houston,23.91666667,17.7275,20.58333333,15.5,20.7075,27.41666667,13,27,4.5,L
Tennessee,NewYorkGiants,21.41666667,20.61583333,26.58333333,17.75,21.175,28.16666667,7,36,1,L
NewOrleans,Carolina,19,20.64583333,27.58333333,26.91666667,19.5,26.5,10,41,-9.5,L
Detroit,TampaBay,18.33333333,18.10833333,26.16666667,19.25,20.0375,17.25,34,17,-9.5,W
Washington,StLouis,21.75,21.31333333,23.75,20.33333333,19.71666667,26.83333333,0,24,3,L
Minnesota,NewYorkJets,15.83333333,22.26416667,26.58333333,19.41666667,20.1175,21.41666667,30,24,-5.5,L
Denver,Buffalo,22,20.3125,18.08333333,30.08333333,22.3825,23.58333333,24,17,-10,L
Arizona,KansasCity,23.08333333,21.57333333,18.66666667,21.5,20.1975,18.66666667,17,14,1,W
Oakland,SanFrancisco,19.25,21.0925,20.33333333,14.66666667,23.33416667,28.08333333,24,13,8,W
Philadelphia,Seattle,24.83333333,20.19583333,18.41666667,31.25,18.765,23.75,14,24,0,L
SanDiego,NewEngland,31.5,21.4125,21.08333333,23.25,19.96333333,20.75,14,23,3.5,L
GreenBay,Atlanta,24.25,18.3725,24.91666667,31.66666667,20.58916667,22.25,43,37,-12,L
StLouis,Arizona,21.15384615,20.59615385,18.30769231,21.92307692,20.77461538,21.92307692,6,12,-6,L
KansasCity,Oakland,15.38461538,22.91,26.92307692,22.38461538,22.00923077,18.53846154,31,13,-10,W
Baltimore,Jacksonville,15.30769231,20.29307692,27.38461538,27.38461538,18.98076923,19.61538462,20,12,-13.5,L
Atlanta,Pittsburgh,27.84615385,17.92769231,24.53846154,25.23076923,19.19153846,26.30769231,20,27,2,L
Indianapolis,Houston,24.15384615,17.41076923,20,31.30769231,18.62846154,23.61538462,17,10,-6.5,W
Cleveland,Cincinnati,21.61538462,18.80769231,22.23076923,21.23076923,17.69461538,20.76923077,0,30,-1.5,L
NewEngland,Miami,24.15384615,21.22,20,30.84615385,21.59769231,20.53846154,41,13,-7.5,W
Carolina,TampaBay,18.23076923,18.72769231,26.76923077,20.69230769,20.47461538,26.23076923,19,17,-3.5,L
NewYorkGiants,Washington,18.76923077,19.45076923,26.61538462,22.53846154,20.11230769,25.07692308,24,13,-6.5,W
Buffalo,GreenBay,32.53846154,19.70692308,23.38461538,21.61538462,20.99076923,18.53846154,21,13,5,W
Detroit,Minnesota,18.92307692,19.19307692,21.92307692,20.38461538,19.00461538,17.23076923,16,14,-7.5,L
Tennessee,NewYorkJets,16.46153846,22.20384615,26.84615385,16.92307692,20.28461538,28.76923077,11,16,2.5,L
SanDiego,Denver,29.61538462,22.26846154,23.07692308,22.53846154,20.86615385,20.92307692,10,22,4,L
Seattle,SanFrancisco,18.76923077,20.78846154,20.61538462,24.76923077,21.05307692,18.07692308,17,7,-10,L
Philadelphia,Dallas,26.38461538,17.67538462,23.15384615,29.92307692,19.12846154,23.76923077,27,38,-3.5,L
Chicago,NewOrleans,25.61538462,19.22461538,27.61538462,21.61538462,20.87923077,29.07692308,15,31,3,L
Jacksonville,Tennessee,19.375,18.59125,18.9375,15.3125,17.968125,19.75,21,13,-3,W
SanFrancisco,SanDiego,26.61111111,18.66555556,21.5,21.375,17.04375,27.1875,35,38,-2.5,L
Washington,Philadelphia,22.05555556,19.49888889,21.27777778,17.5625,17.395625,22.4375,27,24,7.5,W
Miami,Minnesota,18.57142857,19.49785714,21.5,23.35714286,22.18357143,21.5,37,35,-6.5,L
TampaBay,GreenBay,31.14285714,20.01357143,23.21428571,18.14285714,18.53071429,26.21428571,3,20,10.5,L
Chicago,Detroit,20.07142857,18.84357143,17,21.14285714,20.45285714,29.21428571,14,20,6.5,W
NewOrleans,Atlanta,24.85714286,19.07785714,26.35714286,26,19.07285714,26.71428571,14,30,-6.5,L
NewYorkJets,NewEngland,31.57142857,21.495,20,16.42857143,21.48071429,25.71428571,16,17,10,W
Pittsburgh,KansasCity,23,21.18714286,18.14285714,27.78571429,18.01,24.21428571,20,12,-3,W
Carolina,Cleveland,19.71428571,18.12571429,21.42857143,20.57142857,19.695,25.57142857,17,13,-3,W
Houston,Baltimore,26.85714286,18.29071429,19.07142857,23.14285714,18.27714286,19.78571429,25,13,5.5,W
StLouis,NewYorkGiants,22.64285714,19.28857143,24.21428571,20.78571429,20.90428571,21.21428571,27,37,-5,L
Oakland,Buffalo,21.57142857,21.07571429,18.14285714,15.21428571,23.14,27.21428571,26,24,6,W
Dallas,Indianapolis,30.28571429,18.76071429,22.64285714,27.21428571,18.15,23.42857143,42,7,-2.5,W
Arizona,Seattle,24.21428571,20.35142857,17.28571429,20.5,20.64714286,17.42857143,6,35,8,L
Cincinnati,Denver,29.07142857,22.55142857,22.14285714,22.21428571,18.87571429,20.64285714,37,28,3.5,W
Pittsburgh,Baltimore,25.5625,18.34875,18.875,27.25,18.25125,23,17,30,-3.5,L
Dallas,Detroit,20.0625,19.246875,17.625,29.1875,18.04875,22,24,20,-7,L
Indianapolis,Cincinnati,22.8125,19.504375,21.5,28.625,18.835625,23.0625,26,10,-4,W
Carolina,Arizona,19.375,21.17125,18.6875,21.1875,19.185,23.375,27,16,-4.5,W
NewEngland,Baltimore,25.82352941,18.49411765,18.76470588,29.25,21.065,19.5625,35,31,-7,L
GreenBay,Dallas,28.88235294,18.33058824,21.88235294,30.375,19.77125,21.75,26,21,-6,L
Seattle,GreenBay,30.11764706,19.88352941,21.70588235,25,20.28235294,15.94117647,28,22,-8,L
NewEngland,Indianapolis,28.22222222,19.40277778,21.77777778,29.58823529,21.08411765,20.23529412,45,7,-7,W
Houston,Indianapolis,18,17.885,23.25,19.25,19.0725,27,20,27,-4,L
Tennessee,Buffalo,27.5,20.3825,23,29.66666667,16.15,25.66666667,13,14,2,W
Baltimore,Cleveland,21.25,18.015,25.5,23.25,23.9275,26,30,33,-6.5,L
Atlanta,Washington,19.5,18.8225,19.75,34.25,20.4225,23.25,25,19,-7.5,L
KansasCity,Chicago,17,22.425,31.25,25,24.95,31.25,17,18,-9.5,L
Philadelphia,NewOrleans,21.5,19.85,26,19.5,22.4175,21.5,39,17,-5,W
GreenBay,StLouis,18.5,22.8075,22.25,28.25,18.755,20.25,24,10,-9.5,W
Cincinnati,Seattle,21.75,19.765,17.75,30.25,19.3175,19.25,27,24,-3,L
Detroit,Arizona,37,15.3525,18.25,16.5,23.7275,24,17,42,3,L
Oakland,Denver,24.25,19.945,17.25,24.25,19.19,27,10,16,4.5,L
NewYorkGiants,SanFrancisco,14.5,23.895,27.5,25.5,21.3375,20.5,30,27,-7,L
SanDiego,Pittsburgh,24,20.8125,18.75,24,19.4725,27.5,20,24,-3.5,L
NewOrleans,Atlanta,32.4,19.154,22.4,20.6,20.688,28.6,31,21,3.5,W
Cleveland,Denver,22.6,19.006,15.8,23.6,19.22,26.4,23,26,4,W
Buffalo,Cincinnati,29.6,19.642,20.2,24.8,20.164,21,21,34,3.5,L
Minnesota,KansasCity,23.4,22.468,28.6,20,19.3475,18.25,16,10,-3.5,W
Jacksonville,Houston,19.4,18.588,27,18.6,20.022,29,20,31,1,L
Detroit,Chicago,17.2,22.626,28.4,16.6,23.558,27.6,37,34,-2.5,L
NewYorkJets,Washington,19.4,20.386,20.8,23.75,18.4025,13.75,34,20,-6,W
Pittsburgh,Arizona,38,16.026,18,24,20.89,19,25,13,3,W
Tennessee,Miami,16.25,19.585,25.25,25.5,17.56,22.75,10,38,-2.5,L
Seattle,Carolina,27,13.885,17.75,22.2,21.222,19.6,23,27,-7,L
GreenBay,SanDiego,23.2,19.994,26.8,27.4,18.276,18.2,27,20,-10,L
SanFrancisco,Baltimore,24.6,22.084,27.4,17,24.336,28,25,20,2.5,W
Indianapolis,NewEngland,37.25,19.515,19,19.8,17.974,22.6,27,34,8,W
Philadelphia,NewYorkGiants,26.4,19.496,21.8,23.4,20.428,20.6,27,7,-4,W
StLouis,Cleveland,23.5,19.58833333,26.33333333,16.8,24.294,22.6,24,6,-6.5,W
KansasCity,Pittsburgh,24.16666667,21.755,18,21.16666667,22.725,26.5,23,13,-3,W
Miami,Houston,21.33333333,17.7,25.83333333,20.6,18.088,22.2,44,26,-4.5,W
NewEngland,NewYorkJets,25.8,18.396,15,36.6,19.948,20.6,30,23,-7.5,L
Detroit,Minnesota,19.2,18.988,16.6,20,21.565,28.66666667,19,28,1,L
Tennessee,Atlanta,30.5,19.25,23.83333333,22.4,17.308,25.8,7,10,6,W
Indianapolis,NewOrleans,22.33333333,20.87333333,27.33333333,21,18.915,24.5,21,27,-4,L
SanDiego,Oakland,21.4,20.22,24.8,22.66666667,22.14,26.83333333,29,37,-4,L
NewYorkGiants,Dallas,20.2,22.046,26.2,23.16666667,20.13166667,22.66666667,27,20,-3.5,W
Carolina,Philadelphia,24,20.06166667,18.33333333,27,16.868,18.8,27,16,-3,W
Arizona,Baltimore,23.83333333,21.92333333,27,33.83333333,18.23,19.16666667,26,18,-8.5,L
NewEngland,Miami,24.5,17.26666667,23.16666667,35.5,19.52333333,21,36,7,-8,W
Chicago,Minnesota,20.66666667,18.71333333,17,20,22.1,29.83333333,20,23,0,L
NewOrleans,NewYorkGiants,23.71428571,19.11428571,22.28571429,23,20.9,26.42857143,52,49,-3.5,L
StLouis,SanFrancisco,16.14285714,22.90857143,25.71428571,18,22.44,19.83333333,27,6,-8,W
Cleveland,Arizona,32.71428571,17.99142857,19,21,19.89428571,26,20,34,5,L
Pittsburgh,Cincinnati,30.33333333,20.09,20.33333333,22.57142857,21.35714286,18.71428571,10,16,-1,L
Baltimore,SanDiego,23.57142857,20.76428571,28.28571429,23,22.34428571,26.85714286,29,26,-3.5,L
Houston,Tennessee,19.83333333,17.90166667,23.16666667,22.28571429,18.80714286,28.42857143,20,6,-4.5,W
Oakland,NewYorkJets,25.33333333,20.13,17.5,24,20.055,25.5,34,20,3,W
Dallas,Seattle,22,20.88428571,19.85714286,20.16666667,22.11666667,26.33333333,12,13,5,W
Denver,GreenBay,27.33333333,18.185,18.5,23.16666667,19.10833333,17,29,10,2.5,W
Carolina,Indianapolis,21,18.47,24.85714286,27,17.90333333,18.33333333,29,26,-6.5,L
Cincinnati,Cleveland,20.875,20.4575,27,28.28571429,21.29571429,18.85714286,31,10,-11,W
Pittsburgh,Oakland,25.42857143,20.24,24.71428571,21,22.0525,18.375,38,35,-4.5,L
NewYorkJets,Jacksonville,21,19.76857143,29.57142857,24.57142857,20.20571429,19.85714286,28,23,-6.5,L
Minnesota,StLouis,19.28571429,20.59571429,17.85714286,21,18.44285714,17.42857143,21,18,-2.5,L
Buffalo,Miami,22,19.07571429,25,25.14285714,19.49142857,24.71428571,33,17,-3,W
NewOrleans,Tennessee,17.85714286,17.33142857,22.71428571,26.625,20.45,29.25,28,34,-8,L
NewEngland,Washington,21.57142857,19.34428571,24.14285714,35.57142857,18.77142857,19,27,10,-14,W
Carolina,GreenBay,24.85714286,20.02571429,20,27.28571429,17.98714286,19.42857143,37,29,2.5,W
SanFrancisco,Atlanta,26.625,17.44875,21.625,14.875,22.57625,25.875,17,16,7,W
Indianapolis,Denver,24,20.20428571,16,21.625,19.2975,25.375,27,24,5,W
Dallas,Philadelphia,22.85714286,20.42142857,19.57142857,19,22.01428571,24.42857143,27,33,2.5,W
SanDiego,Chicago,20,21.64428571,28.85714286,23.875,20.87,28.375,19,22,-4,L
NewYorkJets,Buffalo,26.125,19.38625,23.75,25,19.025,20.25,17,22,-2.5,L
GreenBay,Detroit,18.625,21.43625,30.625,25.375,20.7,22.125,16,18,-11,L
Tennessee,Carolina,28.5,18.63125,20.625,19.875,17.62,23.375,10,27,5,L
StLouis,Chicago,20.25,21.315,27.625,19.125,20.85625,18.25,13,37,-7.5,L
Washington,NewOrleans,26.77777778,19.46333333,29.77777778,20.125,20.8325,24.5,47,14,1,W
Philadelphia,Miami,21.375,20.01625,26,24.125,20.3525,20.5,19,20,-6.5,L
Pittsburgh,Cleveland,19.66666667,21.48777778,27.44444444,22.88888889,21.53555556,20.22222222,30,9,-4.5,W
Baltimore,Jacksonville,21.25,20.4725,29.375,23.75,21.73125,26.75,20,22,-5,L
Oakland,Minnesota,21,18.20375,17.5,26.625,20.7825,26.375,14,30,-3,L
Denver,KansasCity,24.375,21.70375,22.75,24,20.2725,17.375,13,29,-6,L
NewYorkGiants,NewEngland,34.5,18.37375,17.875,27.44444444,18.46777778,25.11111111,26,27,7.5,W
Seattle,Arizona,32.875,17.60875,19.125,20.875,20.7925,18.875,32,39,-3.5,L
Cincinnati,Houston,22,17.91375,25.625,28.625,20.3075,17.75,6,10,-10.5,L
Jacksonville,Tennessee,18.77777778,18.28555556,23.77777778,21.33333333,20.97555556,28.33333333,19,13,-2.5,W
Carolina,Washington,23.11111111,19.85666667,23.33333333,28.33333333,18.16,19.44444444,44,16,-7.5,W
Miami,Dallas,18.44444444,20.87333333,23.77777778,21.22222222,21.03333333,25.22222222,14,24,0,L
Atlanta,Indianapolis,22.22222222,20.12666667,25.22222222,25.44444444,17.39222222,21.11111111,21,24,-6,L
Baltimore,StLouis,18.44444444,20.37555556,20.33333333,23.33333333,20.04666667,26.22222222,16,13,-1.5,W
Houston,NewYorkJets,24.11111111,19.13222222,20.44444444,20.66666667,19.59888889,23.44444444,24,17,2,W
Minnesota,GreenBay,24.33333333,19.91222222,21.66666667,22,18.72333333,17.11111111,13,30,0,L
Chicago,Denver,22.77777778,20.34666667,18.66666667,22.11111111,21.42555556,26,15,17,-1,L
Arizona,Cincinnati,26.11111111,19.66444444,16.88888889,33.55555556,18.31666667,20.55555556,34,31,-4.5,L
Seattle,SanFrancisco,15.11111111,21.85777778,24.77777778,22.11111111,20.91666667,21.11111111,29,13,-12.5,W
SanDiego,KansasCity,24.88888889,22.62,21.66666667,23.33333333,19.83111111,27.66666667,3,33,3,L
NewEngland,Buffalo,25.66666667,19.97444444,23,33.66666667,19.28444444,18.77777778,20,13,-7.5,L
Dallas,Carolina,29.9,18.254,19.1,19,20.506,22.8,14,33,1,L
GreenBay,Chicago,21.4,21.599,25.1,24.9,20.399,20.8,13,17,-9,L
Houston,NewOrleans,25.5,19.739,31.5,21,19.845,22.8,24,6,-3,W
Atlanta,Minnesota,21.1,19.214,18.4,25,17.47,21.4,10,20,-2,L
Cincinnati,StLouis,17.9,20.365,19.9,26.6,20.6,18.6,31,7,-9,W
Washington,NewYorkGiants,27.3,19.212,25.3,22.4,20.374,25.4,20,14,2.5,W
Tennessee,Oakland,24,19.784,25.9,18.2,18.498,23.3,21,24,2,L
KansasCity,Buffalo,24.4,20.932,22.7,25.7,22.266,19.8,30,22,-4.5,W
NewYorkJets,Miami,20.5,20.19,25.1,23.4,18.889,20.8,38,20,-3.5,W
Jacksonville,SanDiego,21.3,20.155,28.2,21.1,20.226,26.8,25,31,-4,L
SanFrancisco,Arizona,33.6,18.891,21.6,14.9,22.374,25.2,13,19,10,W
Seattle,Pittsburgh,22.5,20.053,19.1,22.8,20.343,20.3,39,30,-4,W
Denver,NewEngland,32.3,19.168,18.2,22.2,20.604,18.3,30,24,2.5,W
Cleveland,Baltimore,22.6,19.422,24.9,18.6,20.715,27.7,27,33,-2.5,L
Chicago,SanFrancisco,14.72727273,22.50636364,24.63636364,21,22.80090909,24.09090909,20,26,-7,L
Cleveland,Cincinnati,27,20.43363636,17.54545455,19.36363636,20.72636364,28.18181818,3,37,7.5,L
Tennessee,Jacksonville,21.45454545,19.57818182,27.18181818,18.45454545,17.78363636,23.36363636,42,39,-2.5,W
Buffalo,Houston,21.27272727,19.07818182,21.27272727,24.18181818,21.25090909,23.36363636,30,21,-3.5,W
Miami,Baltimore,23.54545455,19.30818182,25.09090909,20.45454545,20.00545455,26.27272727,15,13,-4.5,L
NewOrleans,Carolina,30.18181818,17.96909091,18.63636364,23.72727273,19.38909091,30.81818182,38,41,7,W
Minnesota,Seattle,24.27272727,20.70181818,21.18181818,21,20.12545455,17.63636364,7,38,0,L
StLouis,Arizona,32.27272727,19.00636364,20.81818182,16.90909091,21.88636364,20.90909091,3,27,5.5,L
NewYorkGiants,NewYorkJets,24.72727273,18.15272727,20.72727273,26.09090909,18.36636364,24.81818182,20,23,2,L
SanDiego,Denver,22.90909091,21.89272727,18.81818182,22.18181818,20.41272727,27.90909091,3,17,4,L
Oakland,KansasCity,26.09090909,22.83818182,20,24,20.09090909,25.45454545,20,34,2.5,L
NewEngland,Philadelphia,22.09090909,18.53363636,24.90909091,31.54545455,19.58909091,19.27272727,28,35,-10,L
Pittsburgh,Indianapolis,22.63636364,19.67,23.63636364,23.18181818,20.96090909,20.90909091,45,10,-9.5,W
Washington,Dallas,18.54545455,19.74454545,23.72727273,22.18181818,19.29636364,24.36363636,16,19,-4,L
Arizona,Minnesota,19.83333333,20.48916667,19.33333333,31.83333333,19.25583333,19.33333333,23,20,-9,L
Cincinnati,Pittsburgh,25,20.63916667,20,27.83333333,19.84916667,16.33333333,20,33,-2.5,L
Philadelphia,Buffalo,24.66666667,20.53333333,23.16666667,23.16666667,19.6375,25.16666667,23,20,0,W
Carolina,Atlanta,23.25,17.405,21.41666667,31.08333333,18.0225,20.25,38,0,-8.5,W
Cleveland,SanFrancisco,15.66666667,22.5325,24.25,18,20.92666667,28.91666667,24,10,-1.5,W
Chicago,Washington,21.41666667,19.11583333,23.83333333,20.91666667,22.15333333,24.25,21,24,-3.5,L
KansasCity,SanDiego,20.58333333,20.5525,27,26.75,22.60416667,20,10,3,-10,L
Jacksonville,Indianapolis,21.58333333,20.13,25.41666667,22.91666667,18.90166667,28.41666667,51,16,-1,W
NewYorkJets,Tennessee,20.41666667,17.1375,24.66666667,24.58333333,18.12666667,20.66666667,30,8,-7.5,W
Houston,NewEngland,31.25,19.4025,20.58333333,21.25,19.46833333,22,6,27,3.5,L
Denver,Oakland,23.66666667,20.185,26.16666667,22.41666667,21.00833333,17.5,12,15,-7,L
GreenBay,Dallas,18.58333333,20.02166667,23.08333333,24.16666667,21.015,20.66666667,28,7,-6.5,W
Baltimore,Seattle,25.41666667,21.48833333,20,22.66666667,19.2925,24.25,6,35,10,L
Miami,NewYorkGiants,25.58333333,18.66583333,24.66666667,20,19.43833333,25.16666667,24,31,1,L
Dallas,NewYorkJets,25,17.57,19.69230769,17.69230769,21.08153846,23.46153846,16,19,3,W
Minnesota,Chicago,20.92307692,21.67615385,24.23076923,19.84615385,21.06307692,19.61538462,38,17,-5,W
Jacksonville,Atlanta,21.46153846,17.81923077,22.69230769,25.07692308,18.24769231,27.46153846,17,23,-3.5,L
Indianapolis,Houston,20.07692308,19.80461538,22.38461538,21.15384615,19.72307692,27.38461538,10,16,-2,L
Baltimore,KansasCity,25.46153846,21.69692308,18.69230769,21.38461538,20.12076923,25.07692308,14,34,7.5,L
Washington,Buffalo,24.30769231,20.28307692,23.15384615,21.61538462,19.19230769,23.61538462,35,25,1,W
NewEngland,Tennessee,19.46153846,17.63692308,25.07692308,30.92307692,19.50230769,19.46153846,33,16,-14.5,W
Philadelphia,Arizona,31.15384615,19.23923077,19.38461538,23.15384615,19.51615385,24.76923077,17,40,3.5,L
NewYorkGiants,Carolina,31.61538462,17.80923077,18.69230769,26,18.42461538,24.61538462,35,38,5,W
Seattle,Cleveland,18.46153846,20.70461538,27.46153846,26.15384615,21.22153846,18.92307692,30,13,-14.5,W
Oakland,GreenBay,24.46153846,20.34307692,19.61538462,23,20.76,25.07692308,20,30,3.5,L
SanDiego,Miami,20.30769231,19.44846154,25.61538462,19.23076923,21.35923077,25.69230769,30,14,-1.5,W
Pittsburgh,Denver,21.61538462,20.59384615,17.30769231,25.61538462,21.30615385,20,34,27,-6,W
SanFrancisco,Cincinnati,27.23076923,20.56230769,17.61538462,15.23076923,22.34230769,24.23076923,14,24,4.5,L
Oakland,SanDiego,20,20.91928571,24.85714286,22.78571429,21.22928571,25.42857143,23,20,-5.5,L
Philadelphia,Washington,22.57142857,18.87285714,23.71428571,22.71428571,19.84428571,25.85714286,24,38,-3,L
Minnesota,NewYorkGiants,26.64285714,18.76285714,25.57142857,21.14285714,20.99785714,19.42857143,49,17,-6,W
Atlanta,Carolina,32.07142857,17.90857143,19.85714286,21.57142857,17.62071429,22.28571429,20,13,6.5,W
Buffalo,Dallas,17.57142857,20.60785714,23.14285714,24.35714286,20.30857143,24,16,6,-6,W
NewOrleans,Jacksonville,24.5,17.76571429,27.14285714,25,19.21357143,30.85714286,38,27,-3,W
KansasCity,Cleveland,18.07142857,21.23214286,27.64285714,26.07142857,21.66571429,18.35714286,17,13,-12.5,L
Miami,Indianapolis,20.35714286,19.60571429,26.57142857,19.85714286,19.135,25.92857143,12,18,-2.5,L
NewYorkJets,NewEngland,31.07142857,18.35071429,19.21428571,24.57142857,17.31928571,19.42857143,26,20,3,W
Tennessee,Houston,19.78571429,19.43428571,21.5,19.21428571,18.24214286,25.64285714,6,34,3.5,L
Arizona,GreenBay,24.78571429,20.56571429,19.64285714,31.78571429,19.53928571,19.21428571,38,8,-5,W
Seattle,StLouis,17.21428571,21.28071429,21,26.42857143,20.735,18.5,17,23,-13.5,L
Baltimore,Pittsburgh,26.21428571,21.62571429,20.5,20.85714286,20.55,25.71428571,20,17,10,W
Denver,Cincinnati,27,20.51714286,17.35714286,22,21.33142857,18.5,20,17,-3.5,L
Houston,KansasCity,25.3125,21.045625,17.9375,21.1875,18.43625,19.5625,0,30,3.5,L
Cincinnati,Pittsburgh,25.75,21.27125,19.9375,26.1875,20.92625,17.4375,16,18,2.5,W
Minnesota,Seattle,26.4375,21.10125,18,22.8125,21.201875,18.875,9,10,5,W
Washington,GreenBay,23,21.464375,20.8125,24.25,18.595,23.6875,18,35,-1,L
NewEngland,KansasCity,25.58823529,21.11117647,16.88235294,29.0625,18.730625,19.6875,27,20,-5,W
Arizona,GreenBay,23.70588235,21.42294118,20.64705882,30.5625,20.594375,19.5625,26,20,-7,L
Denver,Pittsburgh,25.29411765,21.76941176,19.70588235,22.1875,21.185625,18.5,23,16,-7.5,L
Denver,NewEngland,28.94117647,19.01058824,19.70588235,22.23529412,21.43764706,18.35294118,20,18,3,W
Carolina,Arizona,30.29411765,20.80470588,19.58823529,31.23529412,17.92117647,19.52941176,49,15,-3,W
SanFrancisco,Arizona,23,19.0475,20,22.5,21.8825,26.75,21,33,4,L
Minnesota,Houston,17.25,17.5075,18.25,22,19.655,12.5,31,13,-6,W
Miami,Tennessee,15.5,20.7425,21,17.75,22.115,22.25,17,30,-3.5,L
Cleveland,NewEngland,20.25,18.93,15.25,18.5,21.28,28.75,13,33,10,L
Pittsburgh,NewYorkJets,19.75,22.52,26.25,27,20.8325,20,31,13,-7.5,W
Baltimore,Washington,24.75,18.0525,28,21,18.1575,18,10,16,-3.5,L
Indianapolis,Chicago,15.5,20.42,24.25,27,18.7375,31.25,29,23,-4.5,W
Denver,Atlanta,38,18.775,31,27.75,19.505,16,16,23,-6,L
StLouis,Buffalo,21.75,21.43,17,15.75,21.295,20.25,19,30,-1,L
Oakland,SanDiego,30.25,18.0325,27,27,19.79,26.5,34,31,-3.5,L
Dallas,Cincinnati,19.5,21.85,20.5,25.25,17.2375,19.25,28,14,1,W
GreenBay,NewYorkGiants,18.25,20.1475,21.25,25,20.65666667,22.33333333,23,16,-7.5,L
Carolina,TampaBay,19.25,22.005,32,27.25,22.49,29.5,14,17,-4.5,L
SanDiego,Denver,25.4,19.196,17.4,30.4,19.22,28.4,21,13,3.5,W
NewEngland,Cincinnati,18.4,21.842,22,22.8,18.01,14.8,35,17,-9,W
NewYorkGiants,Baltimore,18.8,17.676,17.6,17.8,22.122,21.6,27,23,-3,W
NewOrleans,Carolina,24.6,20.754,27,28.5,20.12,32.5,41,38,3.5,W
Miami,Pittsburgh,27.8,19.674,18.6,17.6,19.89,23.8,30,15,7.5,W
Chicago,Jacksonville,21,19.525,27.75,17,20.918,25.2,16,17,-2.5,L
Buffalo,SanFrancisco,22.2,21.218,28,23.4,21.33,17.4,45,16,-7.5,W
Detroit,StLouis,16.4,21.234,22.2,23.8,20.096,25,31,28,-3.5,L
Tennessee,Cleveland,17.4,20.994,29.6,18.4,20.518,20.2,28,26,-7,L
Washington,Philadelphia,28.75,17.735,12.75,23,19.21,24.4,27,20,2.5,W
Oakland,KansasCity,20.75,20.2175,23,28.4,19.25,27.4,10,26,-1,L
Seattle,Atlanta,35,20.418,28,19.75,17.0675,13.5,26,24,-6.5,L
GreenBay,Dallas,25.8,17.43,18.2,24.5,19.785,20.75,16,30,-4,L
Houston,Indianapolis,27.4,17.574,29.6,16.4,20.31,20.8,26,23,-3,L
Arizona,NewYorkJets,18.4,23.446,27.2,25,19.512,20.2,28,3,-7.5,W
GreenBay,Chicago,16.83333333,19.81,23.83333333,22.8,20.22,22.6,26,10,-8,W
Philadelphia,Minnesota,23.8,18.76,12.6,27,18.206,15.6,21,10,3,W
KansasCity,NewOrleans,31,19.494,33.6,21.8,20.36,20.4,27,21,-6.5,L
Detroit,Washington,23.66666667,19.37,23.66666667,25,18.78333333,25.5,20,17,-1.5,W
Cincinnati,Cleveland,18.83333333,21.18333333,29.33333333,18.16666667,22.96,24.16666667,31,17,-10,W
Miami,Buffalo,27,20.135,17.16666667,19.66666667,20.29166667,22.33333333,28,25,3,W
Jacksonville,Oakland,25.33333333,19.51666667,27.16666667,20.2,18.954,25.4,16,33,-1,L
Tennessee,Indianapolis,26.66666667,18.19833333,29,20,18.66333333,21.16666667,26,34,-2.5,L
NewYorkJets,Baltimore,19.5,18.49333333,19.16666667,15.83333333,24.145,27.33333333,24,16,-1,W
Atlanta,SanDiego,28.83333333,19.53,25.83333333,33.16666667,20.91166667,27.66666667,30,33,-6.5,L
SanFrancisco,TampaBay,18.8,22.222,28.4,21.16666667,22.60666667,30.83333333,17,34,2,L
Pittsburgh,NewEngland,24.83333333,18.65833333,15.16666667,25.66666667,19.72,20.5,16,27,7,L
Arizona,Seattle,21,17.516,15.6,25.5,18.76166667,17.33333333,6,6,-1.5,L
Denver,Houston,18,19.79666667,21.16666667,23.33333333,19.31666667,18,27,9,-7.5,W
Tennessee,Jacksonville,19.5,18.86166667,26.66666667,20.85714286,18.31857143,23,36,22,-3.5,W
Atlanta,GreenBay,23.33333333,18.58,20.5,32.71428571,21.00428571,28.42857143,33,32,-3,L
Houston,Detroit,24.28571429,18.40285714,24.28571429,16.71428571,20.78,22,20,13,-2.5,W
NewOrleans,Seattle,18.5,18.85666667,14,29.33333333,20.84666667,32.5,25,20,2.5,W
Buffalo,NewEngland,25.14285714,19.65857143,15.28571429,26.71428571,19.94428571,18.71428571,25,41,6.5,L
Cleveland,NewYorkJets,17,22.89,25.71428571,18.57142857,21.45428571,29.57142857,28,31,3.5,W
TampaBay,Oakland,26.42857143,19.17571429,25.57142857,21.33333333,21.28333333,26.5,24,30,-1,L
Indianapolis,KansasCity,22.66666667,19.54833333,20.5,27.71428571,18.11142857,28.57142857,14,30,2.5,L
Denver,SanDiego,29.42857143,20.53,26.42857143,23.85714286,19.24142857,16.71428571,27,19,-5.5,W
Carolina,Arizona,22.71428571,19.07571429,15.71428571,26.83333333,20.10166667,29.33333333,30,20,-2.5,W
Dallas,Philadelphia,26,18.65333333,14.66666667,26.5,18.31833333,17.83333333,29,23,-4.5,L
Chicago,Minnesota,21.5,19.88333333,14,15.85714286,20.55285714,24.14285714,20,10,6,W
TampaBay,Atlanta,32.75,21.0125,28.875,21.71428571,20.85142857,27,28,43,3.5,L
KansasCity,Jacksonville,19.85714286,18.92857143,28,23.71428571,20.04857143,19.57142857,19,14,-9,L
Minnesota,Detroit,22.875,18.8425,23.75,19.85714286,19.93142857,14.85714286,16,22,-6.5,L
NewYorkGiants,Philadelphia,25.57142857,19.86571429,16.71428571,19,20.58857143,20.14285714,28,23,-2.5,W
Cleveland,Dallas,26.85714286,18.79857143,18.57142857,19.75,20.72875,29.75,10,35,7.5,L
Miami,NewYorkJets,18.75,21.60875,26,20.85714286,20.38714286,22.71428571,27,23,-3.5,W
Baltimore,Pittsburgh,24.28571429,20.99857143,21.42857143,19,18.41142857,19.85714286,21,14,-2.5,W
SanFrancisco,NewOrleans,28.71428571,21.18857143,30.71428571,20.57142857,20.90857143,31.28571429,23,41,3.5,L
StLouis,Carolina,27.28571429,20.04714286,28,17.14285714,20.42285714,22.71428571,10,13,3.5,W
GreenBay,Indianapolis,26,18.66625,28.75,24.57142857,19.35,22.28571429,26,31,-7,L
SanDiego,Tennessee,22.75,17.2825,22.875,28.125,21.6475,26.5,43,35,-5,W
Oakland,Denver,24.25,19.04875,17,26.875,19.5475,25.375,30,20,0,W
Seattle,Buffalo,26.5,20.47125,21.5,18.71428571,18.93428571,15.57142857,31,25,-6.5,L
Baltimore,Cleveland,18.66666667,20.87666667,30.33333333,19.25,18.67875,19.125,28,7,-10,W
Jacksonville,Houston,17.125,20.3025,20.875,19.125,20.17375,26.875,21,24,0,L
Carolina,KansasCity,23.125,19.35,18.875,25.5,19.765,25.75,17,20,-3,L
NewOrleans,Denver,23.77777778,19.88888889,18.44444444,30.25,20.89375,29.75,23,25,-2,L
NewYorkJets,StLouis,16.25,20.10375,21.5,19.22222222,21.33,26.11111111,6,9,-1.5,L
Philadelphia,Atlanta,33.88888889,20.86777778,28.77777778,25.25,20.0975,18.125,24,15,0,W
Washington,Minnesota,19.375,19.3925,15.75,23.25,19.68,23.625,26,20,-3,W
Tennessee,GreenBay,24.75,19.2825,23.375,24.11111111,18.14777778,25.11111111,47,25,2.5,W
TampaBay,Chicago,16.375,20.52,22.375,22.5,20.72625,29,36,10,0,W
SanDiego,Miami,21.625,19.3375,22.75,29.77777778,21.02666667,27.44444444,24,31,-4,L
Arizona,SanFrancisco,20.875,20.32125,32.5,22.375,18.97125,17.5,23,20,-13.5,L
Pittsburgh,Dallas,27.875,17.9075,17.5,23,20.95125,21.375,30,35,-2.5,L
NewEngland,Seattle,20.25,19.09125,16.75,27.125,19.8875,16.5,24,31,-7.5,L
NewYorkGiants,Cincinnati,20.875,20.90375,23.625,20.125,20.5975,20.5,21,20,-2,L
Carolina,NewOrleans,29.44444444,21.04555556,29.22222222,24.55555556,20.1,25.11111111,23,20,-3.5,L
Indianapolis,Tennessee,26.4,17.904,25.1,26.55555556,19.08555556,28.44444444,24,17,-3,W
Detroit,Jacksonville,19.33333333,19.49555556,26.55555556,22.77777778,19.35111111,22.88888889,26,19,-6.5,W
KansasCity,TampaBay,24,19.79555556,26.88888889,22.77777778,19.57,18.66666667,17,19,-7.5,L
NewYorkGiants,Chicago,15.66666667,20.16777778,23.88888889,20.22222222,20.21333333,20.44444444,22,16,-7.5,L
Minnesota,Arizona,22.44444444,18.38777778,17.77777778,19.44444444,19.49555556,16.88888889,30,24,-1,W
Cincinnati,Buffalo,26.33333333,21.11888889,22.55555556,20.77777778,21.10444444,23.33333333,12,16,-2.5,L
Dallas,Baltimore,20.22222222,17.38555556,17.77777778,28.66666667,18.49,18.88888889,27,17,-7.5,W
Cleveland,Pittsburgh,23.77777778,21.31888889,22.88888889,17.5,21.33,30.1,9,24,8,L
StLouis,Miami,22.66666667,19.77222222,22.88888889,15.44444444,20.27777778,19.77777778,10,14,1.5,L
SanFrancisco,NewEngland,26.77777778,20.15333333,18.11111111,20.77777778,21.23333333,31.44444444,17,30,13,W
Seattle,Philadelphia,25.11111111,19.82888889,17.77777778,21.44444444,20.41888889,17.55555556,26,15,-6.5,W
Washington,GreenBay,24.77777778,19,26,23.55555556,19.66111111,23.22222222,42,24,-2.5,W
Detroit,Minnesota,20.5,19.343,17.6,23.1,18.546,22.5,16,13,-2.5,W
Dallas,Washington,22.4,19.315,23.3,28.5,18.129,18.7,31,26,-7,L
Indianapolis,Pittsburgh,23.8,20.6,21.5,26.3,18.229,27.3,7,28,8.5,L
Houston,SanDiego,29.2,20.729,27.8,18.1,19.909,21.5,13,21,1.5,L
Chicago,Tennessee,25.54545455,17.95727273,25,15.7,20.288,23.7,21,27,4.5,L
Buffalo,Jacksonville,19.3,19.326,26.5,25.3,21.244,21.5,28,21,-7.5,L
Baltimore,Cincinnati,19.9,21.38,22.6,19.9,18.537,18.7,19,14,-4.5,W
Atlanta,Arizona,22.6,19.051,19,32,21.699,28.3,38,19,-4.5,W
Miami,SanFrancisco,20.4,21.8,31.3,21.8,19.845,21.6,31,24,-8,L
NewOrleans,StLouis,14.9,20.012,19.2,28.5,21.392,28.6,49,21,-7.5,W
Cleveland,NewYorkGiants,20.4,19.308,20,16.72727273,21.41909091,29.54545455,13,27,7,L
TampaBay,Seattle,21.9,20.619,17.3,23.5,20.381,25.9,14,5,6,W
Oakland,Carolina,24.4,19.838,24.6,27.2,20.094,24.3,35,32,-3.5,L
Denver,KansasCity,22.2,18.99,18.7,23.9,20.109,18.9,27,30,-3.5,L
NewYorkJets,NewEngland,27.1,19.83,18,17.9,20.851,24.4,17,22,8,W
Philadelphia,GreenBay,24.7,19.442,24.6,24.1,20.838,18.6,13,27,-4,L
Minnesota,Dallas,28.72727273,18.25909091,19.36363636,20.09090909,19.49909091,17.18181818,15,17,3.5,W
Jacksonville,Denver,24.18181818,20.54818182,19.90909091,19.45454545,20.13,26.63636364,10,20,5,L
Atlanta,KansasCity,22.90909091,20.01636364,19.45454545,32.54545455,21.74272727,27.45454545,28,29,-3.5,L
GreenBay,Houston,17.63636364,19.74090909,21.45454545,24.90909091,20.00636364,23.54545455,21,13,-6,W
Cincinnati,Philadelphia,23.09090909,20.54090909,19.36363636,19.36363636,21.47636364,22.27272727,32,14,0,W
NewOrleans,Detroit,22.18181818,18.10727273,21.90909091,30.36363636,20.76727273,27.90909091,13,28,-5,L
Chicago,SanFrancisco,20.72727273,21.54909091,31.27272727,16.18181818,19.80363636,24,26,6,-1,W
NewEngland,StLouis,15.45454545,20.21,21.90909091,26.63636364,19.29,17.90909091,26,10,-13.5,W
Baltimore,Miami,22.63636364,18.78454545,21.81818182,19.81818182,18.42545455,18.27272727,38,6,-3.5,W
Oakland,Buffalo,25.54545455,19.87727273,21.45454545,27.90909091,20.36090909,25,38,24,-3.5,W
SanDiego,TampaBay,22.63636364,20.48090909,24,28.45454545,20.87272727,26.45454545,21,28,-4,L
Arizona,Washington,22.72727273,20.31818182,24,22.27272727,19.50272727,20.72727273,31,23,-2.5,W
Pittsburgh,NewYorkGiants,21,18.62272727,19.36363636,24.18181818,20.38727273,20.18181818,24,14,-6,W
Seattle,Carolina,25.09090909,20.59727273,25.27272727,20.36363636,20.47727273,17,40,7,-7,W
NewYorkJets,Indianapolis,24.54545455,18.79545455,27.36363636,17.81818182,20.88818182,24.18181818,10,41,1,L
KansasCity,Oakland,28.75,20.2025,24.91666667,23.41666667,20.4375,20.16666667,21,13,-3.5,W
Tennessee,Denver,23.83333333,20.16,19.08333333,25.66666667,18.24333333,24.66666667,13,10,-1,W
Carolina,SanDiego,27.83333333,20.59,26.58333333,23.58333333,20.83166667,26.5,28,16,-1,W
Indianapolis,Houston,17.25,20.49,21.41666667,25.91666667,18.97916667,25.91666667,17,22,-6,L
Cleveland,Cincinnati,20.41666667,21.0825,21.58333333,16.41666667,21.15083333,29.33333333,10,23,5.5,L
Buffalo,Pittsburgh,24.16666667,20.22416667,19.66666667,25.41666667,20.28166667,22.83333333,20,27,2,L
Miami,Arizona,23,18.85166667,20.91666667,21.25,19.05166667,23.16666667,26,23,-1,W
Detroit,Chicago,17,19.30916667,22.5,22.66666667,18.71,21.16666667,20,17,-8,L
Jacksonville,Minnesota,19.66666667,20.0825,17.16666667,18.66666667,20.85166667,26.08333333,16,25,3.5,L
TampaBay,NewOrleans,28.91666667,20.09,27.91666667,23.08333333,20.58083333,23.75,16,11,-2.5,W
Philadelphia,Washington,22.75,20.99583333,24.58333333,22.33333333,21.08583333,20.41666667,22,27,1,L
SanFrancisco,NewYorkJets,17.16666667,20.59666667,25.58333333,19.5,21.51083333,30.83333333,17,23,-2.5,L
GreenBay,Seattle,22,19.41833333,16.16666667,24.58333333,19.93,22.66666667,38,10,2.5,W
StLouis,Atlanta,32.16666667,21.5975,27.58333333,15,20.49166667,22.25,14,42,6,L
NewYorkGiants,Dallas,27.75,18.97083333,19,20.41666667,19.60666667,19.75,10,7,3.5,W
NewEngland,Baltimore,21.33333333,18.12833333,17.25,26.58333333,18.38416667,17.25,30,23,-7.5,L
Seattle,StLouis,14.92307692,20.40384615,23.76923077,21.07692308,19.66307692,17.84615385,24,3,-15.5,W
Dallas,TampaBay,22.53846154,20.07,22.76923077,26.15384615,19.66846154,18.30769231,26,20,-7,L
NewYorkGiants,Detroit,22.46153846,18.43692308,20.84615385,19.61538462,19.91692308,18.76923077,17,6,-4,W
Baltimore,Philadelphia,22.30769231,21.19153846,20.92307692,21.46153846,19.03153846,18.23076923,27,26,-6,L
Chicago,GreenBay,25.61538462,20.20538462,21.69230769,17,19.80615385,22.30769231,27,30,6,W
Minnesota,Indianapolis,25.23076923,18.99307692,25.61538462,20.07692308,20.12692308,17.07692308,6,34,-5,L
Buffalo,Cleveland,15.92307692,21.07230769,28.84615385,25,20.07769231,23.15384615,33,13,-10,W
KansasCity,Tennessee,24.69230769,18.57076923,23.53846154,23.23076923,20.42076923,19.61538462,17,19,-5,L
Houston,Jacksonville,18.46153846,20.84230769,26,17.61538462,20.67692308,21.07692308,21,20,-5.5,L
Arizona,NewOrleans,27.53846154,20.11923077,27,23,18.82538462,21.30769231,41,48,-3,L
Atlanta,SanFrancisco,19.30769231,19.69076923,30.23076923,32.92307692,21.07769231,26.53846154,41,13,-13.5,W
Denver,NewEngland,26.84615385,18.14,17.69230769,22.76923077,20.25923077,18.61538462,3,16,3.5,L
SanDiego,Oakland,27.53846154,20.78153846,24.61538462,26.92307692,20.71615385,26.69230769,16,19,3,W
Cincinnati,Pittsburgh,24.38461538,20.61230769,19.69230769,20.61538462,20.34461538,20.69230769,20,24,3.5,L
Washington,Carolina,23.92307692,20.24615385,25.69230769,23.07692308,21.38846154,24.38461538,15,26,-6,L
Philadelphia,NewYorkGiants,19.42857143,19.48428571,17.85714286,22.57142857,21.08857143,21.35714286,24,19,2.5,W
Chicago,Washington,22.5,20.80928571,24.5,17.71428571,19.69785714,22.85714286,21,41,3.5,L
Buffalo,Miami,22.5,18.505,22.42857143,25.57142857,19.19285714,22.42857143,31,34,-4,L
NewOrleans,TampaBay,22.35714286,20.72928571,23,29,20.38142857,28,31,24,-3,W
Carolina,Atlanta,33.5,20.16357143,25.57142857,24.07142857,20.81142857,24.92857143,16,33,2.5,L
GreenBay,Minnesota,19.07142857,19.82214286,18.28571429,25.92857143,19.98357143,22.07142857,38,25,-6.5,W
NewEngland,NewYorkJets,17.28571429,19.71071429,25.57142857,26.07142857,18.68,16.64285714,41,3,-16.5,W
Jacksonville,Tennessee,24.28571429,19.26357143,23.07142857,18.57142857,20.68928571,25.64285714,38,17,5,W
Cleveland,SanDiego,26.14285714,20.89071429,26.14285714,15.71428571,21.33857143,29.14285714,20,17,6,W
Oakland,Indianapolis,25.85714286,19.15142857,24.21428571,26.92857143,20.93357143,24,33,25,-3.5,W
StLouis,SanFrancisco,18.85714286,20.39,31,14.07142857,20.98357143,23.78571429,21,22,-3.5,L
Seattle,Arizona,24.28571429,18.66357143,23.21428571,21.28571429,19.15142857,16.78571429,31,34,-8.5,L
Houston,Cincinnati,20.57142857,20.42,20.92857143,17.85714286,20.145,21,12,10,-2,L
Pittsburgh,Baltimore,21.85714286,19.01357143,18.78571429,24.35714286,20.66428571,19.71428571,31,27,-5,L
KansasCity,Denver,21.35714286,20.89142857,18.42857143,22.78571429,20.44357143,19.57142857,33,10,-3.5,W
Dallas,Detroit,21.28571429,18.64142857,20.57142857,26.14285714,19.18142857,18.42857143,42,21,-7,W
Houston,Oakland,26,21.21375,24.0625,17.4375,20.13625,20.5,27,14,-3.5,W
Seattle,Detroit,21.4375,19.36375,22.5625,22.125,18.46125,18.25,26,6,-8,W
Pittsburgh,Miami,22.6875,18.783125,23.75,24.9375,20.23125,20.4375,30,12,-11,W
GreenBay,NewYorkGiants,19.375,20.273125,17.75,27,20.0075,22.375,38,13,-5,W
Atlanta,Seattle,22.35294118,18.34411765,17.52941176,33.75,20.146875,25.375,36,20,-4.5,W
NewEngland,Houston,18,20.09176471,20.11764706,27.5625,17.75125,15.625,34,16,-16,W
KansasCity,Pittsburgh,25.23529412,19.80411765,19.94117647,24.3125,20.48875,19.4375,16,18,-1.5,L
Dallas,GreenBay,27.64705882,19.88764706,21.82352941,26.3125,19.70375,19.125,31,34,-4.5,L
Atlanta,GreenBay,28,20.37833333,22.33333333,33.88235294,20.09823529,25.05882353,44,21,-5.5,W
NewEngland,Pittsburgh,24.83333333,20.26166667,19.72222222,28,17.60705882,15.64705882,36,17,-6,W
TampaBay,NewEngland,29.75,21.915,32,23.66666667,17.67,21.33333333,14,19,5.5,W
Cincinnati,Buffalo,18.25,21.21,13.5,16,18.56,16.75,20,16,-3,W
Cleveland,NewYorkJets,18.75,19.77,23,15.75,18.6525,26.75,14,17,-1,L
Pittsburgh,Jacksonville,27.25,18.705,18.5,22.5,17.5125,14.75,9,30,-8.5,L
Miami,Tennessee,25,20.97,31.5,8.333333333,19.87666667,19,16,10,2.5,W
Indianapolis,SanFrancisco,16.5,20.0075,23.5,17.75,16.9325,34,26,23,-1.5,L
Philadelphia,Arizona,18.5,17.515,22.75,25.75,21.95,23,34,7,-6.5,W
Detroit,Carolina,19.5,20.37,15,24.75,20.4575,17.5,24,27,-2,L
StLouis,Seattle,23.5,17.3,19.25,35.5,17.2675,26.25,10,16,-1.5,L
Oakland,Baltimore,15,17.095,20,22.75,20.5975,19.75,17,30,-2.5,L
Dallas,GreenBay,25.5,18.9075,20.25,23.5,19.225,24.25,31,35,-2,L
Houston,KansasCity,30.5,21.945,19.25,27.5,20.2675,22,34,42,1,L
Chicago,Minnesota,19.75,21.5,19,15.25,23.77,26,17,20,3,W
Carolina,Philadelphia,27.4,20.592,19.8,21,21.022,16.8,23,28,-3.5,L
Houston,Cleveland,15.4,17.654,24.8,28.8,21.65,26,33,17,-9.5,W
NewYorkJets,NewEngland,27.6,22.456,28.4,18.4,18.314,21.2,17,24,9.5,W
Atlanta,Miami,10.25,19.1325,16.75,26,20.62,22.25,17,20,-11.5,L
NewOrleans,Detroit,24.6,20.156,19.4,23.25,22.83,19.5,52,38,-5,W
Minnesota,GreenBay,27.4,20.14,22.4,19.8,20.162,18.6,23,10,3.5,W
Baltimore,Chicago,15.6,22.376,24.8,18,18.532,19.4,24,27,-6.5,L
Washington,SanFrancisco,17.8,19.278,24,22.75,22.1,22.25,26,24,-10,L
Jacksonville,StLouis,30.4,17.722,24.2,27.8,20.122,16.6,17,27,-2.5,L
Arizona,TampaBay,21.25,19.0825,20.75,16.2,18.912,25,38,33,2,W
KansasCity,Pittsburgh,19.8,17.69,17.8,32.8,22.402,22.2,13,19,-4,L
Oakland,SanDiego,19.8,21.284,23,21.6,19.776,21.8,16,17,-3.5,L
Denver,NewYorkGiants,16.4,21.678,24.4,24.5,19.145,18.5,10,23,-11.5,L
Tennessee,Indianapolis,19.4,15.168,31.8,22,20.99,28.4,36,22,-7.5,W
Oakland,KansasCity,29.5,22.66666667,21.66666667,20.66666667,18.775,21,31,30,3,W
Cleveland,Tennessee,24.33333333,19.35166667,27.33333333,15.66666667,18.53833333,26.16666667,9,12,5.5,W
Indianapolis,Jacksonville,26,19.55166667,18.33333333,19.83333333,16.43,32.5,0,27,3.5,L
Pittsburgh,Cincinnati,16.8,18.312,16.6,19.66666667,19.395,17,29,14,-5,W
Minnesota,Baltimore,19,17.69833333,20.66666667,20.33333333,20.76666667,17.16666667,24,16,-5.5,W
Miami,NewYorkJets,18.16666667,19.255,21.66666667,12.2,20.568,16.8,31,28,-3.5,L
Buffalo,TampaBay,23.6,20.108,24.2,17.8,20.486,14.8,30,27,-3,L
Chicago,Carolina,21.33333333,21.25166667,18.66666667,17.5,22.06333333,24.66666667,17,3,3.5,W
GreenBay,NewOrleans,29,22.458,23.2,24.5,20.80166667,22.5,17,26,5.5,L
SanFrancisco,Dallas,25,19.626,26.4,18.83333333,20.07333333,24.33333333,10,40,6,L
NewYorkGiants,Seattle,22,17.612,17.4,17.5,21.89,22,7,24,5.5,L
SanDiego,Denver,21.6,18.754,19.4,19.33333333,21.56,21.83333333,21,0,0,W
NewEngland,Atlanta,24.2,19.532,21.8,27,21.36333333,26.5,23,7,-3.5,W
Philadelphia,Washington,23.4,19.63,22.6,27.5,21.53333333,20.33333333,34,24,-5,W
Baltimore,Miami,15.33333333,19.65,18.66666667,18.57142857,19.22142857,21.14285714,40,0,-3.5,W
NewOrleans,Chicago,17.42857143,21.34857143,21.57142857,28.5,22.80666667,22.16666667,20,12,-9,L
NewYorkJets,Atlanta,21.33333333,21.42833333,22,19.57142857,19.73571429,23,25,20,4.5,L
TampaBay,Carolina,18.71428571,21.49428571,18.42857143,24.16666667,20.27666667,25.16666667,3,17,-2,L
Philadelphia,SanFrancisco,17.57142857,19.67142857,26.57142857,28.42857143,20.55,20.85714286,33,10,-13,W
Buffalo,Oakland,22.14285714,19.38,22.28571429,19.83333333,19.00666667,16.83333333,34,14,-2.5,W
Cincinnati,Indianapolis,17,16.75857143,31.71428571,16.33333333,19.55166667,18.66666667,24,23,-10,L
NewEngland,SanDiego,19.57142857,20.51571429,18.71428571,26.42857143,21.19571429,23.71428571,21,13,-7.5,W
Seattle,Houston,29.5,19.34166667,24.5,22.33333333,17.68333333,15.66666667,41,38,-5.5,L
Washington,Dallas,27.5,17.69833333,23.66666667,23.5,21.51833333,24.5,19,33,2.5,L
Detroit,Pittsburgh,21,19.53285714,16.57142857,26.83333333,20.655,24.83333333,15,20,3,L
KansasCity,Denver,18,19.515,19.66666667,29.57142857,23.31285714,23,29,19,-7,W
NewYorkJets,Buffalo,21.85714286,18.65142857,16.42857143,19.625,19.1275,23.25,34,21,3.5,W
Philadelphia,Denver,18.14285714,20.95142857,21,29,18.6875,19.5,51,23,-8,W
NewYorkGiants,StLouis,30.28571429,17.81142857,19.71428571,16,22.06142857,22.28571429,17,51,4.5,L
NewOrleans,TampaBay,21.14285714,20.48714286,24,27.28571429,21.62142857,20.71428571,30,10,-7,W
Jacksonville,Cincinnati,17.42857143,18.68285714,19.28571429,26.14285714,19.56142857,15.71428571,23,7,-4.5,W
Carolina,Atlanta,21.85714286,20.47857143,21.71428571,18.5,21.5225,16.5,20,17,0,W
Houston,Indianapolis,17.75,17.1225,30.75,30.71428571,20.39571429,26.85714286,14,20,6,L
Tennessee,Baltimore,21.25,18.515,18.5,22.57142857,17.86285714,24.71428571,23,20,-3.5,L
SanFrancisco,Arizona,17,18.76285714,27.28571429,16.625,20.87625,27.375,10,20,2,L
Seattle,Washington,22.85714286,21.38142857,25.71428571,25,17.82285714,18.85714286,14,17,-8,L
Dallas,KansasCity,29.5,22.24,22.5,28.28571429,18.16714286,23,28,17,-2,W
Miami,Oakland,21.125,19.92625,23.75,13.14285714,19.88714286,21.71428571,24,27,3,W
GreenBay,Detroit,25.14285714,21.28285714,24.14285714,23.42857143,21.75142857,23,17,30,2.5,L
Arizona,Seattle,23.625,17.73625,18.625,17.375,18.57625,25.125,16,22,6,W
Washington,Minnesota,22.375,19.24125,16.875,22.125,22.31625,24.25,30,38,1.5,L
Chicago,GreenBay,22.625,21.51875,23.875,16.75,22.45875,21.375,16,23,-5,L
Indianapolis,Pittsburgh,20.875,20.30625,16.375,18,17.80444444,28.88888889,17,20,10.5,W
Jacksonville,SanDiego,18.75,20.79375,19,25.75,19.35375,14.625,20,17,-4,L
TampaBay,NewYorkJets,21.22222222,18.75111111,23,19.75,21.195,24.75,15,10,0,W
Tennessee,Cincinnati,16.125,18.97625,19.75,22.625,17.87625,24.125,24,20,-5,L
Buffalo,NewOrleans,27.625,20.87375,19.375,21.75,18.45,18.625,10,47,2.5,L
Detroit,Cleveland,14.875,18.90125,25.25,25.75,21.64625,23.25,38,24,-12,W
StLouis,Houston,28.625,18.99375,26,32.875,18.43375,19.375,33,7,-12,W
Atlanta,Dallas,28.25,18.69125,22.25,21.25,20.955,21.5,27,7,-3,W
SanFrancisco,NewYorkGiants,16.125,21.96375,25.875,15.88888889,20.80755556,26.55555556,31,21,2,W
Denver,NewEngland,27,20.6075,22.375,18.75,21.49875,24.75,16,41,7.5,L
Carolina,Miami,14.5,19.9925,22.375,18.66666667,21.28333333,16.55555556,45,21,-8.5,W
Pittsburgh,Tennessee,22.77777778,17.28222222,23.66666667,20.77777778,19.75111111,16.44444444,40,17,-7,W
Chicago,Detroit,27.11111111,20.46888889,23.33333333,16.66666667,22.97,21.55555556,24,27,3,W
NewYorkGiants,KansasCity,28.11111111,22.21111111,23.11111111,16.66666667,20.96444444,26.44444444,12,9,10.5,W
Miami,TampaBay,19.22222222,20.33444444,23.11111111,15.22222222,20.79777778,24.88888889,20,30,0,L
GreenBay,Baltimore,21.11111111,18.6,19,22.66666667,21.49888889,23,0,23,2,L
Minnesota,StLouis,32.88888889,17.98333333,18,24.11111111,19.82444444,18.33333333,24,7,-1.5,W
Houston,Arizona,17.22222222,18.99777778,24.77777778,26.22222222,19.90222222,26.77777778,31,21,0,W
Cleveland,Jacksonville,25.11111111,18.95777778,14.88888889,15.88888889,19.36777778,26.66666667,7,19,7.5,L
NewOrleans,Washington,23,22.39888889,25.77777778,29.77777778,21.22222222,18.33333333,34,31,-8,L
SanDiego,Buffalo,20.44444444,19.25222222,21.77777778,18.55555556,20.91555556,19.11111111,54,24,-5,W
Denver,Cincinnati,16.55555556,18.96,20.22222222,18.44444444,21.41666667,26.55555556,17,20,-2.5,L
Dallas,Philadelphia,31.44444444,18.21333333,19.88888889,25.88888889,19.49111111,22.77777778,9,37,4.5,L
Seattle,Atlanta,21.88888889,20.91222222,19.88888889,23.44444444,17.77333333,18.33333333,31,34,-2,L
Detroit,Minnesota,24.1,20.087,17.2,27.1,20.384,23.4,23,30,2.5,L
Dallas,SanDiego,22.1,20.309,19.6,24.2,19.739,24.2,6,28,1.5,L
Washington,NewYorkGiants,16.2,20.954,24.7,23.8,23.005,26.6,20,10,-7.5,W
Cincinnati,Cleveland,15,19.982,25.9,16.9,18.875,19.9,30,16,-8,W
Philadelphia,Chicago,17.4,22.824,22.1,32,18.8,18.8,31,3,-13.5,W
NewEngland,Miami,15.7,20.598,25.4,29,20.569,20.3,35,17,-16.5,W
KansasCity,Buffalo,20.8,19.666,25,26.2,22.017,22,10,16,-10,L
Atlanta,TampaBay,20.3,20.004,22.8,23.1,20.82,21,34,20,-9.5,W
NewYorkJets,Carolina,21.3,20.992,17,20.1,18.516,22.2,27,35,4.5,L
Indianapolis,Tennessee,22.2,18.5184,25.3,17.9,18.352,28,16,20,3.5,L
SanFrancisco,Seattle,24.2,17.86,19.9,17.4,19.727,26,13,24,6.5,L
StLouis,NewOrleans,30.2,20.731,19.6,30.3,18.853,18.6,26,20,-2.5,W
Arizona,Jacksonville,24.5,18.533,14.1,17.6,19.282,25.4,27,24,5,W
Oakland,Denver,18.3,20.877,25.9,20.4,19.992,24.7,21,14,-5,W
Pittsburgh,GreenBay,20.4,21.318,23,22.7,19.651,16.5,31,28,-14,L
Baltimore,Houston,26.7,18.996,26.2,21.3,19.338,17.1,23,16,-7.5,L
Dallas,Washington,23.45454545,22.02727273,25.09090909,22.54545455,19.90727273,24.54545455,38,14,1,W
Baltimore,Detroit,26.72727273,20.60727273,24,21.45454545,18.82636364,17,44,20,-2.5,W
Chicago,SanFrancisco,17,19.98636364,25.81818182,16.09090909,23.42636364,22.90909091,14,15,-3.5,L
Atlanta,Minnesota,24.63636364,20.31181818,17.72727273,24.09090909,20.28272727,20.90909091,9,14,-3,L
Buffalo,NewEngland,29.54545455,19.78272727,20,20.36363636,20.28090909,23.63636364,3,23,8.5,L
Miami,Denver,17.90909091,21.17090909,25.45454545,15.81818182,21.81636364,26.27272727,35,9,1.5,W
Tennessee,Houston,25.72727273,19.53818182,25.90909091,22,18.15545455,24.45454545,24,13,-6.5,W
Jacksonville,Indianapolis,17.72727273,18.22363636,27.27272727,24.45454545,18.66636364,15.27272727,30,10,-9.5,W
GreenBay,TampaBay,20.27272727,20.46363636,23.81818182,21.09090909,21.64181818,23.72727273,26,20,0,W
NewYorkJets,KansasCity,24.72727273,21.52636364,21.45454545,20.72727273,19.02727273,23.36363636,38,31,3.5,W
NewOrleans,Carolina,22.54545455,20.58181818,17.90909091,29.27272727,21.22181818,20.18181818,31,21,-4,W
SanDiego,Cleveland,15.09090909,19.83,26.27272727,22.63636364,20.46181818,18.36363636,19,10,-14,L
Arizona,StLouis,29.90909091,19.26454545,18.72727273,18.45454545,19.21454545,25.27272727,16,32,7,L
Oakland,NewYorkGiants,15.63636364,20.61181818,24.27272727,20.45454545,19.66727273,23.72727273,24,17,-9,L
Seattle,Philadelphia,31.90909091,18.38272727,17.36363636,24.18181818,17.56,19.27272727,24,10,4,W
Cincinnati,Pittsburgh,23.45454545,19.27363636,17.54545455,18.09090909,17.73181818,19.54545455,20,23,5,W
Atlanta,NewOrleans,29.41666667,21.06333333,20.25,22.83333333,20.8225,20.33333333,20,17,-2.5,W
TampaBay,Detroit,26.16666667,21.0025,25.66666667,20.25,20.9275,24,21,24,1,L
Cincinnati,Chicago,15.91666667,22.08,22.25,18.25,18.30583333,19.83333333,7,33,-6.5,L
Buffalo,Indianapolis,17.08333333,19.18166667,27.5,18.91666667,20.82833333,23.58333333,13,7,-3.5,L
Jacksonville,Seattle,24.16666667,17.99333333,18.5,24.91666667,18.05083333,14.83333333,30,24,-2.5,W
KansasCity,Oakland,20.75,18.99,23.16666667,25.25,20.84916667,22.83333333,26,15,-4,W
Carolina,Minnesota,23.75,20.44833333,17,22.41666667,21.25,19,31,24,2.5,W
Cleveland,GreenBay,21.5,21.25416667,23.41666667,14.66666667,20.32166667,25.66666667,21,27,3.5,L
Houston,SanFrancisco,16.83333333,19.72333333,24.83333333,24.66666667,20.00166667,25.75,16,26,-2.5,L
SanDiego,Washington,22.66666667,22.10333333,26.16666667,22.33333333,19.11916667,17.66666667,30,13,-6,W
Denver,NewYorkJets,22.16666667,19.25,24,17.16666667,20.75583333,26.25,23,0,1,W
Arizona,Tennessee,22.16666667,18.34333333,23.5,18.25,19.51333333,25.83333333,12,7,3,W
StLouis,Philadelphia,30.08333333,18.61333333,17.91666667,30.08333333,19.26166667,18.5,35,43,-2.5,L
NewYorkGiants,Dallas,23.83333333,19.14916667,23.66666667,15.75,20.8025,24.25,10,30,4,L
Pittsburgh,Baltimore,23.33333333,19.07083333,17.25,23.41666667,19.38916667,17.75,39,38,-5.5,L
Miami,NewEngland,29,19.67916667,18.58333333,17.41666667,21.31833333,24.83333333,27,20,11,W
Indianapolis,Denver,17.61538462,19.99461538,24.23076923,16.30769231,18.98461538,26.38461538,13,25,2.5,L
Detroit,Chicago,17.23076923,21.98923077,21.07692308,26,21.10384615,25.30769231,20,10,-5.5,W
KansasCity,SanDiego,22.92307692,19.19769231,17.30769231,25.30769231,20.27076923,22.23076923,30,13,1,W
NewYorkGiants,Philadelphia,31.07692308,19.74230769,19.23076923,15.30769231,21.05153846,24.69230769,29,34,7.5,W
Carolina,GreenBay,21.92307692,20.64153846,23.23076923,23.07692308,21.58692308,19.38461538,31,24,-3,W
Minnesota,Cincinnati,17.38461538,17.94846154,20.84615385,23.76923077,21.15230769,18.07692308,34,7,-10.5,W
Buffalo,Miami,18.15384615,21.31230769,24.46153846,18.46153846,19.59153846,22.30769231,24,16,-3.5,W
Jacksonville,Houston,24,18.84923077,25.76923077,25.30769231,17.94307692,15.53846154,45,7,-10.5,W
NewOrleans,NewYorkJets,20.46153846,19.40230769,23.92307692,28.46153846,21.64923077,20.23076923,31,19,-16,L
Washington,Arizona,17.76923077,19.40230769,24.38461538,21.92307692,22.59307692,26.46153846,20,15,-4,W
Cleveland,Baltimore,24.46153846,19.64769231,18.92307692,15.15384615,19.52846154,25.76923077,10,27,7,L
Seattle,StLouis,30.46153846,19.75076923,20.38461538,24.15384615,18.83153846,19.38461538,7,42,-2,L
Pittsburgh,NewEngland,28.30769231,19.76615385,19.23076923,24.61538462,19.32230769,19.30769231,24,27,3,L
SanFrancisco,Tennessee,21,17.94230769,22.61538462,17.53846154,19.95153846,24.15384615,25,23,-2,L
Oakland,Dallas,24.30769231,19.33538462,22.61538462,20.30769231,19.44,23.38461538,17,20,3,L
TampaBay,Atlanta,22.61538462,21.14307692,20.07692308,20.30769231,20.81384615,24,21,24,6,W
Baltimore,Indianapolis,16.07142857,18.50857143,26.28571429,24.64285714,18.81642857,18.28571429,23,16,-13.5,L
GreenBay,Minnesota,24.5,20.67928571,17.28571429,22.07142857,20.92785714,23.78571429,0,16,9,L
Cincinnati,Detroit,25.57142857,20.665,24.21428571,16.64285714,18.52071429,21.78571429,26,17,4.5,W
NewYorkJets,SanDiego,22.21428571,20.03714286,18.21428571,20.35714286,20.35,24.42857143,7,14,6.5,L
Tennessee,StLouis,31.28571429,19.94071429,19.42857143,21.14285714,17.275,22.78571429,23,27,6.5,W
Chicago,Cleveland,14.78571429,19.53,25.85714286,16.71428571,22.21785714,21,20,3,-6.5,W
Carolina,TampaBay,20.35714286,21.01785714,24,23.64285714,21.525,19.71428571,22,19,-10,L
NewOrleans,Atlanta,22.71428571,21.105,20.14285714,28.64285714,21.19,20.14285714,23,13,-5,W
Washington,Denver,18.14285714,19.52142857,23.42857143,21.78571429,22.07071429,25.64285714,27,11,-3.5,W
KansasCity,Miami,18,21.35428571,24.42857143,25.64285714,20.25214286,21.57142857,29,13,-10.5,W
NewEngland,Buffalo,18.85714286,19.27357143,21.85714286,28.21428571,20.33214286,19.57142857,37,16,-12,W
SanFrancisco,Jacksonville,26.71428571,17.12571429,14.92857143,18.07142857,19.25571429,24.07142857,44,33,4.5,W
Arizona,NewYorkGiants,16.28571429,21.50214286,25.35714286,17.57142857,19.56214286,24.07142857,23,0,-3.5,W
Dallas,Seattle,22.92857143,19.10571429,21,24,19.63785714,22.21428571,12,21,-5,L
Houston,Pittsburgh,24.57142857,19.80857143,19.85714286,22.78571429,19.345,27.14285714,6,34,9.5,L
Philadelphia,Oakland,20.07142857,19.74857143,23.14285714,31.28571429,19.595,19.92857143,19,10,-9,L
KansasCity,Tennessee,20.875,17.84,22.25,25.9375,19.561875,21.1875,21,22,-8,L
StLouis,Atlanta,22.0625,21.5525,19.6875,29.875,19.871875,20.5625,13,26,-6,L
Jacksonville,Buffalo,18.875,20.06,22.4375,26.0625,17.6975,16.75,10,3,-7.5,L
NewOrleans,Carolina,22.6875,21.535,19.8125,28,21.026875,20.375,31,26,-6,L
Philadelphia,Atlanta,22.29411765,21.75764706,19.29411765,28.5625,19.52625,18.4375,15,10,2.5,W
NewEngland,Tennessee,20.94117647,18.34294118,22.17647059,28.625,19.18125,18.5,35,14,-13.5,W
Pittsburgh,Jacksonville,25.11764706,17.53588235,15.94117647,25.375,18.94125,19.25,42,45,-7.5,L
Minnesota,NewOrleans,28.17647059,21.04294118,20.70588235,23.875,20.26,15.75,29,24,-4,W
NewEngland,Jacksonville,26.22222222,18.01111111,17.38888889,29,18.91294118,18.23529412,24,20,-9,L
Philadelphia,Minnesota,24.17647059,20.36941176,16.23529412,27.76470588,19.69705882,17.94117647,38,7,3.5,W
NewEngland,Indianapolis,23.5,20.655,25,23.75,19.135,21,38,24,-10.5,W
Cleveland,Baltimore,30.75,19.15,16.25,25.5,19.2825,26,12,9,3,W
KansasCity,Jacksonville,22,18.0925,14,36.25,20.835,28.75,30,14,-3,W
Buffalo,Tennessee,18.75,20.295,18.25,12.5,23.1625,26.5,13,12,3.5,W
Carolina,NewYorkGiants,18.25,20.87,23.75,23.66666667,19.66333333,20,33,31,-7,L
NewYorkJets,Denver,21,20.165,24.25,22.25,19.95,22.25,34,16,-1,W
Pittsburgh,Atlanta,29,21.07,30.5,25.5,20.765,29,41,17,-3.5,W
Detroit,GreenBay,23,18.17,20.75,23.5,19.4725,28.5,31,23,1.5,W
Cincinnati,Miami,20.5,19.3125,22.5,31.5,23.0275,28.25,27,17,-6.5,W
SanDiego,Oakland,24.25,19.445,30.75,27.75,21.1775,30,26,10,-5.5,W
SanFrancisco,Arizona,9.25,20.9325,23.5,25,21.9925,29.5,18,28,-4,L
Philadelphia,Minnesota,22.5,20.5925,27.5,20.5,19.37,20.25,21,23,-3.5,L
Seattle,StLouis,35,16.1725,16.75,21.25,19.5625,20.25,31,33,7,W
Houston,Dallas,16.75,19.4525,19.25,24,21.175,27,19,16,-3.5,L
NewYorkGiants,Philadelphia,20.6,18.35,20.8,20.8,21.796,25.6,13,34,3,L
Minnesota,Arizona,13,20.368,22.4,22.6,20.89,26.2,27,17,-10.5,L
Cleveland,SanDiego,27.4,19.208,26,22.8,20.44,22.6,14,38,1,L
Miami,Chicago,27.75,18.5525,16.25,19.8,20.564,23.4,31,28,7,W
Washington,Carolina,26,17.7475,22.75,20.75,19.4375,21.75,23,17,0,W
NewYorkJets,Indianapolis,23.6,21.478,27.6,24.6,19.124,21,42,34,-2.5,W
Cincinnati,Pittsburgh,28.6,20.226,26.6,30.6,20.566,26,21,28,-2,L
Atlanta,TampaBay,28,22.5575,34.75,26.6,21.722,32.6,34,29,-3.5,W
Houston,Buffalo,12.6,21.842,23.6,23,20.17,24.8,20,13,-10,L
Denver,StLouis,34.6,18.296,19.6,20,20.218,26.2,20,23,7,W
Dallas,Jacksonville,20.4,20.412,17.2,16.6,20.082,19.2,40,7,3,W
Tennessee,Baltimore,26.4,19.632,15.4,17.4,19.718,17.2,0,21,2.5,L
NewEngland,KansasCity,35,20.486,25.8,26.6,18.35,21.6,43,40,-3.5,L
GreenBay,SanFrancisco,23.6,20.808,29.2,23,18.744,22.8,33,30,-9.5,L
Arizona,Denver,20,21.11833333,25.66666667,13.66666667,21.35,23.16666667,10,45,1.5,W
Chicago,NewEngland,29.33333333,18.52666667,24.66666667,27.8,19.18,19.2,31,38,3.5,L
TampaBay,Cleveland,21.33333333,20.615,25.16666667,28.2,22.988,34.6,26,23,-3.5,L
Miami,Detroit,25,19.982,27.4,21.66666667,19.52833333,24.16666667,21,32,3,L
Philadelphia,Carolina,24.2,18.866,22.8,22.83333333,18.10166667,19.5,17,21,-4.5,L
Indianapolis,Buffalo,12.66666667,22.14666667,23,25.33333333,21.85333333,30,37,5,-7.5,W
KansasCity,Cincinnati,29,20.835,26.33333333,35.83333333,21.75,28.66666667,45,10,-6,W
NewYorkJets,Minnesota,23.33333333,19.63666667,24.66666667,27.5,17.58333333,23.16666667,17,37,3.5,L
Jacksonville,Houston,22.5,18.81666667,22.83333333,18.16666667,20.58333333,21,7,20,-4.5,L
Baltimore,NewOrleans,36,17.056,28,25.5,19.415,12.83333333,23,24,-2.5,L
Washington,Dallas,20.5,19.34666667,17.16666667,21.2,18.986,20.8,20,17,-1,W
SanFrancisco,StLouis,32.66666667,18.90666667,19.66666667,24.66666667,21.64333333,29.83333333,10,39,10,L
Atlanta,NewYorkGiants,19.5,21.27666667,27,27.83333333,20.68166667,32,23,20,-4.5,L
Houston,Miami,21.57142857,18.82,25.28571429,22.14285714,19.14428571,20.57142857,42,23,-7.5,W
Pittsburgh,Cleveland,21.57142857,20.38714286,25.28571429,28.5,20.49666667,25.66666667,33,18,-8,W
KansasCity,Denver,23.57142857,20.30285714,23.42857143,37.14285714,21.01,26,30,23,-10,L
Chicago,NewYorkJets,26,18.31428571,25.14285714,28.33333333,19.14,22.33333333,24,10,-7,W
NewYorkGiants,Washington,21,19.245,20.16666667,19.57142857,21.56285714,27.71428571,13,20,1,L
Detroit,Seattle,23.83333333,19.78833333,19.5,26.16666667,19.46833333,26.33333333,14,28,-3,L
Cincinnati,TampaBay,27.83333333,21.08166667,32.66666667,26.28571429,22.12,29,37,34,-4.5,L
Carolina,Baltimore,25.14285714,19.52142857,14.42857143,23.66666667,19.72166667,21.83333333,36,21,2,W
Oakland,Indianapolis,27,20.11428571,26.42857143,18.33333333,21.075,29.33333333,28,42,3,L
Arizona,SanFrancisco,22.57142857,22.24142857,31.14285714,13.14285714,20.78714286,26.28571429,18,15,0,W
StLouis,GreenBay,24.66666667,18.005,24,33.57142857,19.14285714,18.28571429,29,27,-9,L
Minnesota,NewOrleans,34,18.95,27.16666667,25.28571429,18.90857143,23.57142857,20,30,0,L
Buffalo,NewEngland,30.57142857,19.75285714,25.57142857,11.57142857,22.36142857,25,6,25,14,L
Minnesota,Detroit,24.42857143,19.50857143,26.57142857,24.625,19.31625,24.375,24,9,-5,W
Cleveland,KansasCity,36.25,20.4175,25.625,21.125,20.89,26.25,21,37,8.5,L
Baltimore,Pittsburgh,29.14285714,19.12571429,24.57142857,24.625,20.30375,17.125,16,23,-3,L
Carolina,TampaBay,28.71428571,21.42,33.28571429,25.42857143,20.09714286,21.71428571,42,28,-6.5,W
Miami,NewYorkJets,24,18.6725,25,21.75,19.22625,27.375,13,6,-3,W
Washington,Atlanta,27.14285714,19.96,30.28571429,20.85714286,19.65428571,19.14285714,14,38,-1.5,L
Buffalo,Chicago,27.71428571,18.60285714,20.57142857,10.875,22.3375,25,9,41,10,L
Denver,Houston,24.625,18.4425,20.875,23.5,21.16125,24.25,17,19,-1,L
Seattle,SanDiego,27.85714286,18.01571429,23.28571429,24.42857143,20.05142857,18.71428571,17,25,-2,L
NewOrleans,StLouis,33,18.81625,19.375,33.42857143,19.58285714,26.14285714,45,35,0,W
NewEngland,GreenBay,25,19.45428571,24.71428571,29.875,19.2575,23.125,31,17,-5.5,W
Dallas,Tennessee,15.14285714,19.52857143,18.14285714,20,20.52,17.57142857,14,28,-5,L
Pittsburgh,Carolina,27.5,19.22125,22.5,28.375,20.15375,23.5,52,21,-4,W
NewYorkJets,Buffalo,10.66666667,22.31777778,26.77777778,22,18.77555556,23.66666667,10,41,-7.5,L
Cleveland,Atlanta,28.5,20.41875,28.25,21.11111111,21.26777778,27.44444444,28,16,4,W
Cincinnati,NewOrleans,34.875,20.0925,27.25,27.625,21.69375,29.625,14,51,4.5,L
TampaBay,Washington,20,19.47125,21.5,28.625,22.63875,34.375,3,16,-3,L
Tennessee,NewEngland,30,19.18555556,22.44444444,16.75,20.015,17.625,34,10,6.5,W
GreenBay,Miami,20.77777778,18.60888889,25,24,20.47625,25.5,31,12,-9.5,W
Indianapolis,Jacksonville,16.75,20.58375,21.25,28.875,19.19625,26.625,29,26,-2.5,W
Chicago,Detroit,22.5,19.995,26.25,29.375,18.0275,19.125,34,22,-6.5,W
KansasCity,Arizona,13.75,19.97625,24.875,36.33333333,20.40444444,25.11111111,26,14,-16.5,L
Oakland,SanDiego,27.5,18.8675,22.5,17.625,20.13375,31.5,6,20,10,L
StLouis,Seattle,23.5,19.58875,19.5,33.22222222,19.81111111,22.22222222,36,31,-9.5,L
Philadelphia,Dallas,19.25,19.55875,18.875,22.25,19.45875,19.5,20,27,-6.5,L
SanFrancisco,NewYorkGiants,18.75,21.49875,26.75,23,19.84111111,26.55555556,23,27,-3,L
Seattle,GreenBay,24.77777778,19.73333333,24,24.33333333,20.76666667,21.33333333,27,24,-2.5,W
Detroit,Carolina,26.77777778,20.03222222,25.77777778,22.44444444,20.11111111,27.11111111,20,19,4,W
Atlanta,Dallas,20.11111111,20.28444444,19,27.11111111,20.19555556,28.22222222,19,22,-3.5,L
Baltimore,Cincinnati,26.11111111,21.57111111,32,23.66666667,21.51777778,17.77777778,24,21,-6.5,L
Chicago,Minnesota,24.55555556,18.92111111,22.66666667,29.88888889,17.32222222,19.44444444,25,20,-2.5,W
NewOrleans,Philadelphia,22,19.16444444,20.33333333,36.66666667,20.25,25.77777778,48,7,-8.5,W
Indianapolis,Tennessee,18.66666667,20.32222222,16.77777778,28.88888889,18.33777778,26.55555556,38,10,-2,W
Washington,Houston,24,19.03333333,20.44444444,19.55555556,19.50777778,19.44444444,21,23,3,W
NewYorkGiants,TampaBay,25.77777778,21.92222222,32.33333333,19.66666667,21.16666667,26.33333333,38,35,-1.5,W
SanDiego,Denver,22.77777778,20.21222222,23.66666667,26.66666667,18.99222222,20.66666667,22,23,-7,L
Arizona,Oakland,16.33333333,20.37777778,30.22222222,13.77777778,21.04555556,25,21,23,-4.5,L
Jacksonville,Pittsburgh,31,20.02888889,23.22222222,17.77777778,20.54555556,22.11111111,16,20,5.5,W
StLouis,KansasCity,35.3,19.383,24,33.5,19.996,23.1,54,51,-3.5,L
Detroit,Chicago,29.4,17.483,19.5,22.2,20.049,26.3,16,23,3,L
Dallas,Washington,19.7,19.621,19.8,20.3,20.229,19,31,23,-7.5,W
NewOrleans,Atlanta,26.3,19.967,27.6,37.8,19.946,23.9,31,17,-13,W
Buffalo,Jacksonville,17.6,20.816,21.9,13.7,21.587,25.1,24,21,3.5,W
Baltimore,Oakland,17,20.075,29.3,23.7,20.88,18.1,34,17,-11,W
TampaBay,SanFrancisco,23,19.222,26.6,26.7,21.558,32.9,27,9,-3.5,W
Philadelphia,NewYorkGiants,21.5,20.315,27.2,20.5,20.207,23.1,25,22,-5.5,L
Cincinnati,Cleveland,21.8,21.037,26.3,25.6,22.16,31.2,20,35,-1.5,L
NewYorkJets,NewEngland,28,19.904,23.6,20.8,18.352,25.4,13,27,10.5,L
Carolina,Seattle,24.6,20.786,21.6,26,19.892,25.2,27,30,-3.5,L
Indianapolis,Miami,19.9,18.421,25.6,29.8,18.118,24.9,27,24,-8.5,L
SanDiego,Arizona,14.5,20.026,24.8,26.2,18.732,20.9,45,10,-13,W
Denver,Pittsburgh,29.9,19.912,22.5,22.8,20.868,23.5,24,17,3.5,W
Minnesota,GreenBay,24.7,20.302,24.3,24.1,19.564,22.9,24,17,-3.5,W
Houston,Tennessee,17.8,20.557,18.9,23.9,19.461,20.5,34,17,-6.5,W
Dallas,NewOrleans,37.18181818,19.77909091,23.27272727,21.27272727,19.80636364,19.36363636,13,10,7.5,W
Jacksonville,Indianapolis,29.54545455,17.44454545,24.81818182,17.90909091,20.47090909,22.09090909,6,0,4,W
Pittsburgh,SanDiego,27.90909091,18.01090909,19.90909091,28.72727273,20.33818182,22.63636364,30,33,-3.5,L
TampaBay,Carolina,26.09090909,19.75272727,25.63636364,26.72727273,20.63545455,30.72727273,24,17,3.5,W
Atlanta,Baltimore,24.63636364,19.58636364,18,25.45454545,20.95,27.90909091,10,26,-1,L
Houston,Cleveland,23,20.80363636,25.72727273,24.81818182,19.23545455,20.18181818,29,13,-6,W
Miami,Buffalo,14.63636364,21.27727273,24.72727273,20.27272727,18.74272727,25.72727273,21,17,-4.5,L
NewYorkGiants,Chicago,28.81818182,17.77181818,19.18181818,21.54545455,20.51090909,27,30,27,4,W
Cincinnati,Denver,22.90909091,21.13363636,22.90909091,25.09090909,21.51454545,31.54545455,10,24,5,L
Detroit,StLouis,35.36363636,20.54909091,25.63636364,21.63636364,20.10909091,26,16,30,10,L
GreenBay,Arizona,14.09090909,20.62363636,26.63636364,24,20.72909091,24.27272727,17,20,-14,L
Oakland,KansasCity,36.72727273,20.33363636,26.72727273,17,20.86909091,29.81818182,33,40,15,W
Tennessee,NewYorkJets,20.09090909,18.90909091,25.54545455,17.72727273,21.17090909,20.27272727,26,22,-8,L
NewEngland,Minnesota,24.09090909,19.28090909,22.36363636,27.90909091,19.47363636,22.63636364,24,10,-5.5,W
Seattle,SanFrancisco,21.72727273,19.13363636,26.63636364,25.09090909,21.15545455,22.09090909,43,16,-10,W
Philadelphia,Washington,20,20.04,20.81818182,20.90909091,19.62636364,23,28,13,-6.5,W
Tennessee,Jacksonville,16.91666667,20.37,20.25,18.41666667,20.68666667,20.41666667,30,9,-4.5,W
KansasCity,Baltimore,24.75,19.36916667,17.83333333,37,20.17416667,27.25,27,24,-6.5,L
Houston,Indianapolis,27.08333333,17.89166667,23.25,25.16666667,19.09333333,19.58333333,21,24,-4.5,L
Cleveland,Carolina,25.33333333,19.86083333,25.5,22.16666667,21.29583333,26,26,20,1,W
GreenBay,Atlanta,24.66666667,20.75333333,27.75,23.41666667,19.64833333,23.91666667,34,20,-5.5,W
TampaBay,NewOrleans,34.91666667,19.5925,22.41666667,26.5,19.94666667,29.58333333,14,28,8,L
Buffalo,NewYorkJets,20.25,19.08333333,25.58333333,14.83333333,21.045,24.41666667,23,27,-3.5,L
Miami,NewEngland,27.58333333,19.29333333,21.58333333,20.33333333,17.99,25,34,33,7.5,W
Chicago,StLouis,34.91666667,20.5625,24.83333333,28.66666667,17.9925,20.08333333,15,6,3,W
Washington,NewYorkGiants,22.25,20.28833333,27,19.41666667,20.34833333,21.41666667,16,40,3.5,L
SanFrancisco,Denver,23,21.1525,21.83333333,21.25,19.93666667,28,20,14,4.5,W
SanDiego,Cincinnati,23.83333333,21.04833333,30.91666667,28.33333333,18.93583333,20.75,26,21,-14,L
Arizona,Detroit,21.16666667,20.29333333,26.33333333,14.58333333,20.69833333,25.83333333,3,17,2.5,L
Dallas,Philadelphia,21.5,19.28083333,22.16666667,20.58333333,20.30666667,18.58333333,29,23,-3.5,L
Oakland,Pittsburgh,28.83333333,20.4775,23.5,18.33333333,21.36416667,30.66666667,24,21,10.5,W
Seattle,Minnesota,22.91666667,19.74583333,22.5,26.58333333,20.54166667,21.58333333,21,7,-3.5,W
KansasCity,SanDiego,28.15384615,18.44307692,20.76923077,36.23076923,19.87538462,27,28,29,-3.5,L
NewYorkJets,Houston,24.84615385,19.07538462,19.92307692,20.76923077,19.03769231,25.38461538,22,29,6,L
Denver,Cleveland,22.46153846,20.57769231,25.53846154,22.30769231,20.84076923,21.69230769,16,17,-3,L
Minnesota,Miami,21.38461538,18.68230769,25.61538462,21.69230769,20.44461538,22.38461538,41,17,-7,W
Cincinnati,Oakland,18.76923077,21.30692308,29.92307692,23.61538462,21.39846154,30.53846154,30,16,-3,W
Baltimore,TampaBay,25.53846154,20.37461538,29.46153846,24.69230769,19.88846154,18.53846154,20,12,-8.5,L
Indianapolis,Dallas,21.23076923,20.03769231,18.92307692,26.84615385,18.29692308,23.07692308,23,0,-2.5,W
Buffalo,Detroit,20.84615385,20.18461538,24.53846154,15.46153846,20.46769231,24.61538462,14,13,-2.5,L
Chicago,GreenBay,24.23076923,19.25615385,23.61538462,27.61538462,18.68461538,19,24,17,-6,W
NewYorkGiants,Tennessee,19.30769231,20.11307692,19.53846154,23.61538462,20.32230769,26.15384615,0,17,-2.5,L
Jacksonville,Washington,19.15384615,20.07846154,22.84615385,16.30769231,20.65307692,21,13,16,-7,L
Atlanta,Arizona,13.69230769,20.36769231,25.15384615,24.30769231,20.86076923,28.23076923,40,14,-9,W
SanFrancisco,Seattle,26.15384615,20.38692308,20.46153846,21.15384615,19.95230769,26.92307692,26,23,5,W
Pittsburgh,NewEngland,28,19.52384615,22.53846154,28.23076923,19.93769231,23.53846154,17,10,2,W
StLouis,Philadelphia,21.61538462,19.83384615,22.69230769,32.69230769,21.23769231,24.07692308,23,30,-12,L
Carolina,NewOrleans,34.38461538,19.87230769,21.76923077,24.92307692,19.86769231,25.53846154,9,12,6,W
Dallas,TampaBay,24.57142857,21.13928571,28.78571429,19.71428571,20.59357143,19.21428571,27,20,-7,L
NewEngland,Buffalo,15.35714286,20.23571429,23.78571429,26.71428571,20.12928571,22.14285714,24,12,-12.5,L
Carolina,Atlanta,25.42857143,20.07428571,27.21428571,23.78571429,20.30857143,24.57142857,10,24,-2.5,L
Tennessee,Washington,18.92857143,19.88071429,22.14285714,19.14285714,20.16357143,18.14285714,25,16,-10.5,L
Miami,Jacksonville,16.07142857,20.535,20.64285714,21.07142857,19.22714286,26.71428571,7,17,-4.5,L
Indianapolis,NewYorkGiants,21.92857143,20.44642857,25.5,26.57142857,18.46428571,21.42857143,28,27,-9.5,L
Philadelphia,Houston,25.14285714,19.03428571,20.07142857,22.21428571,20.30428571,22.71428571,32,30,-1.5,W
Detroit,Minnesota,23.07142857,19.75142857,22,20.28571429,19.66357143,23.78571429,9,27,5.5,L
NewYorkJets,GreenBay,23.71428571,19.70428571,23.64285714,20.85714286,19.205,25.64285714,38,44,0,L
Cleveland,Cincinnati,24.07142857,20.75,29.5,22.07142857,20.89857143,24.85714286,26,18,-7.5,W
Arizona,StLouis,32,20.87928571,24.5,13.71428571,20.35357143,26.21428571,9,31,14,W
SanDiego,Baltimore,24.35714286,19.83214286,18.07142857,28.21428571,19.21142857,21.28571429,10,22,-4.5,L
SanFrancisco,Chicago,27.35714286,18.20071429,18.85714286,21.5,19.47857143,26.64285714,9,14,4,L
NewOrleans,Pittsburgh,27.42857143,20.11285714,22.57142857,32.78571429,20.14428571,20.85714286,31,28,-6,L
Seattle,KansasCity,35.64285714,19.92357143,27.14285714,25.92857143,19.94357143,20.85714286,38,31,2.5,L
Oakland,Denver,21.85714286,20.31785714,21.35714286,18.57142857,21.07285714,29.92857143,27,14,2.5,W
Houston,Indianapolis,27.0625,18.614375,21.5,25.125,19.014375,19.75,7,21,-2,L
Dallas,Seattle,26.75,19.506875,21.6875,21.1875,20.36,20.25,24,22,-1.5,W
Baltimore,SanDiego,26.75,19.44,20.5625,24.3125,19.954375,17.9375,17,23,-2.5,L
Chicago,Philadelphia,22.9375,20.255,21.75,26.3125,18.5925,17.6875,15,16,-6,L
KansasCity,Indianapolis,26.70588235,18.91705882,20.64705882,35.3125,19.720625,26.3125,31,13,-5.5,W
StLouis,Dallas,21.35294118,20.66117647,20.35294118,32.9375,19.87,24,30,22,-7,W
NewEngland,SanDiego,26.52941176,19.76352941,20.35294118,27.25,18.826875,20.3125,41,28,-4.5,W
NewOrleans,Philadelphia,22.52941176,20.64588235,21.35294118,31.5,20.66,22.0625,20,14,-8.5,L
NewOrleans,StLouis,32.76470588,19.88352941,23.88235294,30.82352941,20.45823529,21.58823529,23,26,-3.5,L
KansasCity,NewEngland,28.05882353,18.98176471,20.76470588,35.05882353,19.72823529,25.52941176,31,37,-3,L
